key,comparison,regime,side,count,kl_sum,top1_sum,cov_ref_sum,cov_cand_sum
d101,cm-vs-cpre,dense,contrast,235,5.742147305708401,225,226.3822130728513,226.01816613040864
d101,cm-vs-cpre,dense,floor,235,0,235,226.4250343181193,226.4250343181193
d101,cm-vs-cpre,sparse,contrast,0,0,0,0,0
d101,cm-vs-cpre,sparse,floor,0,0,0,0,0
d101,cm-vs-cpre,all,contrast,235,5.742147305708401,225,226.3822130728513,226.01816613040864
d101,cm-vs-cpre,all,floor,235,0,235,226.4250343181193,226.4250343181193
d101,cm-vs-r0,dense,contrast,235,9.936222207023613,222,225.8770435024053,226.0088561642915
d101,cm-vs-r0,dense,floor,235,0,235,226.4250343181193,226.4250343181193
d101,cm-vs-r0,sparse,contrast,0,0,0,0,0
d101,cm-vs-r0,sparse,floor,0,0,0,0,0
d101,cm-vs-r0,all,contrast,235,9.936222207023613,222,225.8770435024053,226.0088561642915
d101,cm-vs-r0,all,floor,235,0,235,226.4250343181193,226.4250343181193
d101,cpre-vs-r0,dense,contrast,235,11.676535128640737,222,225.7327885478735,226.30276604555547
d101,cpre-vs-r0,dense,floor,235,0,235,226.4250343181193,226.4250343181193
d101,cpre-vs-r0,sparse,contrast,0,0,0,0,0
d101,cpre-vs-r0,sparse,floor,0,0,0,0,0
d101,cpre-vs-r0,all,contrast,235,11.676535128640737,222,225.7327885478735,226.30276604555547
d101,cpre-vs-r0,all,floor,235,0,235,226.4250343181193,226.4250343181193
d101,floor-r0,dense,contrast,235,0,235,226.4250343181193,226.4250343181193
d101,floor-r0,sparse,contrast,0,0,0,0,0
d101,floor-r0,all,contrast,235,0,235,226.4250343181193,226.4250343181193
d101,n-vs-cm,dense,contrast,235,27.31311401106388,211,224.75571432057768,225.30194010026753
d101,n-vs-cm,dense,floor,235,0,235,226.4250343181193,226.4250343181193
d101,n-vs-cm,sparse,contrast,0,0,0,0,0
d101,n-vs-cm,sparse,floor,0,0,0,0,0
d101,n-vs-cm,all,contrast,235,27.31311401106388,211,224.75571432057768,225.30194010026753
d101,n-vs-cm,all,floor,235,0,235,226.4250343181193,226.4250343181193
d101,n-vs-r0,dense,contrast,235,29.77681778437258,207,224.63577221520245,225.31227336917073
d101,n-vs-r0,dense,floor,235,0,235,226.4250343181193,226.4250343181193
d101,n-vs-r0,sparse,contrast,0,0,0,0,0
d101,n-vs-r0,sparse,floor,0,0,0,0,0
d101,n-vs-r0,all,contrast,235,29.77681778437258,207,224.63577221520245,225.31227336917073
d101,n-vs-r0,all,floor,235,0,235,226.4250343181193,226.4250343181193
d102,cm-vs-cpre,dense,contrast,261,4.842291033766947,246,253.0093726348132,252.63277323544025
d102,cm-vs-cpre,dense,floor,261,0,261,253.0533287767321,253.0533287767321
d102,cm-vs-cpre,sparse,contrast,0,0,0,0,0
d102,cm-vs-cpre,sparse,floor,0,0,0,0,0
d102,cm-vs-cpre,all,contrast,261,4.842291033766947,246,253.0093726348132,252.63277323544025
d102,cm-vs-cpre,all,floor,261,0,261,253.0533287767321,253.0533287767321
d102,cm-vs-r0,dense,contrast,261,6.003864598934484,240,252.65965205803514,252.56601948477328
d102,cm-vs-r0,dense,floor,261,0,261,253.0533287767321,253.0533287767321
d102,cm-vs-r0,sparse,contrast,0,0,0,0,0
d102,cm-vs-r0,sparse,floor,0,0,0,0,0
d102,cm-vs-r0,all,contrast,261,6.003864598934484,240,252.65965205803514,252.56601948477328
d102,cm-vs-r0,all,floor,261,0,261,253.0533287767321,253.0533287767321
d102,cpre-vs-r0,dense,contrast,261,8.667422651363765,242,252.68370007164776,252.96246862970293
d102,cpre-vs-r0,dense,floor,261,0,261,253.0533287767321,253.0533287767321
d102,cpre-vs-r0,sparse,contrast,0,0,0,0,0
d102,cpre-vs-r0,sparse,floor,0,0,0,0,0
d102,cpre-vs-r0,all,contrast,261,8.667422651363765,242,252.68370007164776,252.96246862970293
d102,cpre-vs-r0,all,floor,261,0,261,253.0533287767321,253.0533287767321
d102,crossboot-r0,dense,contrast,261,0,261,253.0533287767321,253.0533287767321
d102,crossboot-r0,sparse,contrast,0,0,0,0,0
d102,crossboot-r0,all,contrast,261,0,261,253.0533287767321,253.0533287767321
d102,floor-r0,dense,contrast,261,0,261,253.0533287767321,253.0533287767321
d102,floor-r0,sparse,contrast,0,0,0,0,0
d102,floor-r0,all,contrast,261,0,261,253.0533287767321,253.0533287767321
d102,n-vs-cm,dense,contrast,261,18.396285298587493,235,252.0162595314905,252.83234534831718
d102,n-vs-cm,dense,floor,261,0,261,253.0533287767321,253.0533287767321
d102,n-vs-cm,sparse,contrast,0,0,0,0,0
d102,n-vs-cm,sparse,floor,0,0,0,0,0
d102,n-vs-cm,all,contrast,261,18.396285298587493,235,252.0162595314905,252.83234534831718
d102,n-vs-cm,all,floor,261,0,261,253.0533287767321,253.0533287767321
d102,n-vs-r0,dense,contrast,261,16.61955532800409,239,252.18908293638378,253.00616202363744
d102,n-vs-r0,dense,floor,261,0,261,253.0533287767321,253.0533287767321
d102,n-vs-r0,sparse,contrast,0,0,0,0,0
d102,n-vs-r0,sparse,floor,0,0,0,0,0
d102,n-vs-r0,all,contrast,261,16.61955532800409,239,252.18908293638378,253.00616202363744
d102,n-vs-r0,all,floor,261,0,261,253.0533287767321,253.0533287767321
d103,cm-vs-cpre,dense,contrast,436,6.1641313163458165,418,428.9770068656653,429.1083821952343
d103,cm-vs-cpre,dense,floor,436,0,436,429.31188273243606,429.31188273243606
d103,cm-vs-cpre,sparse,contrast,0,0,0,0,0
d103,cm-vs-cpre,sparse,floor,0,0,0,0,0
d103,cm-vs-cpre,all,contrast,436,6.1641313163458165,418,428.9770068656653,429.1083821952343
d103,cm-vs-cpre,all,floor,436,0,436,429.31188273243606,429.31188273243606
d103,cm-vs-r0,dense,contrast,436,5.53172423973207,418,429.05605863034725,429.1054625250399
d103,cm-vs-r0,dense,floor,436,0,436,429.31188273243606,429.31188273243606
d103,cm-vs-r0,sparse,contrast,0,0,0,0,0
d103,cm-vs-r0,sparse,floor,0,0,0,0,0
d103,cm-vs-r0,all,contrast,436,5.53172423973207,418,429.05605863034725,429.1054625250399
d103,cm-vs-r0,all,floor,436,0,436,429.31188273243606,429.31188273243606
d103,cpre-vs-r0,dense,contrast,436,5.623288573744193,415,429.1016319375485,429.022814033553
d103,cpre-vs-r0,dense,floor,436,0,436,429.31188273243606,429.31188273243606
d103,cpre-vs-r0,sparse,contrast,0,0,0,0,0
d103,cpre-vs-r0,sparse,floor,0,0,0,0,0
d103,cpre-vs-r0,all,contrast,436,5.623288573744193,415,429.1016319375485,429.022814033553
d103,cpre-vs-r0,all,floor,436,0,436,429.31188273243606,429.31188273243606
d103,floor-r0,dense,contrast,436,0,436,429.31188273243606,429.31188273243606
d103,floor-r0,sparse,contrast,0,0,0,0,0
d103,floor-r0,all,contrast,436,0,436,429.31188273243606,429.31188273243606
d103,n-vs-cm,dense,contrast,436,25.595141599001394,403,428.5281780483201,428.47215251950547
d103,n-vs-cm,dense,floor,436,0,436,429.31188273243606,429.31188273243606
d103,n-vs-cm,sparse,contrast,0,0,0,0,0
d103,n-vs-cm,sparse,floor,0,0,0,0,0
d103,n-vs-cm,all,contrast,436,25.595141599001394,403,428.5281780483201,428.47215251950547
d103,n-vs-cm,all,floor,436,0,436,429.31188273243606,429.31188273243606
d103,n-vs-r0,dense,contrast,436,26.39835140486496,404,428.50242512347177,428.4213823736645
d103,n-vs-r0,dense,floor,436,0,436,429.31188273243606,429.31188273243606
d103,n-vs-r0,sparse,contrast,0,0,0,0,0
d103,n-vs-r0,sparse,floor,0,0,0,0,0
d103,n-vs-r0,all,contrast,436,26.39835140486496,404,428.50242512347177,428.4213823736645
d103,n-vs-r0,all,floor,436,0,436,429.31188273243606,429.31188273243606
d104,cm-vs-cpre,dense,contrast,514,4.18196953565964,505,505.6074703838676,505.73948024585843
d104,cm-vs-cpre,dense,floor,514,0,514,505.89918455295265,505.89918455295265
d104,cm-vs-cpre,sparse,contrast,0,0,0,0,0
d104,cm-vs-cpre,sparse,floor,0,0,0,0,0
d104,cm-vs-cpre,all,contrast,514,4.18196953565964,505,505.6074703838676,505.73948024585843
d104,cm-vs-cpre,all,floor,514,0,514,505.89918455295265,505.89918455295265
d104,cm-vs-r0,dense,contrast,514,9.193814142126117,505,505.44119678996503,505.6353455055505
d104,cm-vs-r0,dense,floor,514,0,514,505.89918455295265,505.89918455295265
d104,cm-vs-r0,sparse,contrast,0,0,0,0,0
d104,cm-vs-r0,sparse,floor,0,0,0,0,0
d104,cm-vs-r0,all,contrast,514,9.193814142126117,505,505.44119678996503,505.6353455055505
d104,cm-vs-r0,all,floor,514,0,514,505.89918455295265,505.89918455295265
d104,cpre-vs-r0,dense,contrast,514,5.658620771051462,504,505.534669874236,505.3410746138543
d104,cpre-vs-r0,dense,floor,514,0,514,505.89918455295265,505.89918455295265
d104,cpre-vs-r0,sparse,contrast,0,0,0,0,0
d104,cpre-vs-r0,sparse,floor,0,0,0,0,0
d104,cpre-vs-r0,all,contrast,514,5.658620771051462,504,505.534669874236,505.3410746138543
d104,cpre-vs-r0,all,floor,514,0,514,505.89918455295265,505.89918455295265
d104,floor-r0,dense,contrast,514,0,514,505.89918455295265,505.89918455295265
d104,floor-r0,sparse,contrast,0,0,0,0,0
d104,floor-r0,all,contrast,514,0,514,505.89918455295265,505.89918455295265
d104,n-vs-cm,dense,contrast,514,24.844006752275316,493,505.067656615749,505.4526732712984
d104,n-vs-cm,dense,floor,514,0,514,505.89918455295265,505.89918455295265
d104,n-vs-cm,sparse,contrast,0,0,0,0,0
d104,n-vs-cm,sparse,floor,0,0,0,0,0
d104,n-vs-cm,all,contrast,514,24.844006752275316,493,505.067656615749,505.4526732712984
d104,n-vs-cm,all,floor,514,0,514,505.89918455295265,505.89918455295265
d104,n-vs-r0,dense,contrast,514,20.548889143003585,493,505.14382322272286,505.82385025545955
d104,n-vs-r0,dense,floor,514,0,514,505.89918455295265,505.89918455295265
d104,n-vs-r0,sparse,contrast,0,0,0,0,0
d104,n-vs-r0,sparse,floor,0,0,0,0,0
d104,n-vs-r0,all,contrast,514,20.548889143003585,493,505.14382322272286,505.82385025545955
d104,n-vs-r0,all,floor,514,0,514,505.89918455295265,505.89918455295265
d105,cm-vs-cpre,dense,contrast,1196,14.694740442400759,1164,1186.8914468754083,1186.874062584713
d105,cm-vs-cpre,dense,floor,1196,0,1196,1187.6644315887243,1187.6644315887243
d105,cm-vs-cpre,sparse,contrast,0,0,0,0,0
d105,cm-vs-cpre,sparse,floor,0,0,0,0,0
d105,cm-vs-cpre,all,contrast,1196,14.694740442400759,1164,1186.8914468754083,1186.874062584713
d105,cm-vs-cpre,all,floor,1196,0,1196,1187.6644315887243,1187.6644315887243
d105,cm-vs-r0,dense,contrast,1196,15.15092372216293,1163,1187.141722984612,1186.9710995387286
d105,cm-vs-r0,dense,floor,1196,0,1196,1187.6644315887243,1187.6644315887243
d105,cm-vs-r0,sparse,contrast,0,0,0,0,0
d105,cm-vs-r0,sparse,floor,0,0,0,0,0
d105,cm-vs-r0,all,contrast,1196,15.15092372216293,1163,1187.141722984612,1186.9710995387286
d105,cm-vs-r0,all,floor,1196,0,1196,1187.6644315887243,1187.6644315887243
d105,cpre-vs-r0,dense,contrast,1196,13.729288490581883,1158,1187.0829375889152,1186.9062602501363
d105,cpre-vs-r0,dense,floor,1196,0,1196,1187.6644315887243,1187.6644315887243
d105,cpre-vs-r0,sparse,contrast,0,0,0,0,0
d105,cpre-vs-r0,sparse,floor,0,0,0,0,0
d105,cpre-vs-r0,all,contrast,1196,13.729288490581883,1158,1187.0829375889152,1186.9062602501363
d105,cpre-vs-r0,all,floor,1196,0,1196,1187.6644315887243,1187.6644315887243
d105,crossboot-r0,dense,contrast,1196,0,1196,1187.6644315887243,1187.6644315887243
d105,crossboot-r0,sparse,contrast,0,0,0,0,0
d105,crossboot-r0,all,contrast,1196,0,1196,1187.6644315887243,1187.6644315887243
d105,floor-r0,dense,contrast,1196,0,1196,1187.6644315887243,1187.6644315887243
d105,floor-r0,sparse,contrast,0,0,0,0,0
d105,floor-r0,all,contrast,1196,0,1196,1187.6644315887243,1187.6644315887243
d105,n-vs-cm,dense,contrast,1196,55.890156676962164,1130,1185.9438471226022,1186.775802204851
d105,n-vs-cm,dense,floor,1196,0,1196,1187.6644315887243,1187.6644315887243
d105,n-vs-cm,sparse,contrast,0,0,0,0,0
d105,n-vs-cm,sparse,floor,0,0,0,0,0
d105,n-vs-cm,all,contrast,1196,55.890156676962164,1130,1185.9438471226022,1186.775802204851
d105,n-vs-cm,all,floor,1196,0,1196,1187.6644315887243,1187.6644315887243
d105,n-vs-r0,dense,contrast,1196,56.500468222159036,1126,1186.3058330132626,1186.8863065862097
d105,n-vs-r0,dense,floor,1196,0,1196,1187.6644315887243,1187.6644315887243
d105,n-vs-r0,sparse,contrast,0,0,0,0,0
d105,n-vs-r0,sparse,floor,0,0,0,0,0
d105,n-vs-r0,all,contrast,1196,56.500468222159036,1126,1186.3058330132626,1186.8863065862097
d105,n-vs-r0,all,floor,1196,0,1196,1187.6644315887243,1187.6644315887243
d106,cm-vs-cpre,dense,contrast,1627,31.595952379303373,1552,1614.4246761407703,1614.3312052506953
d106,cm-vs-cpre,dense,floor,1627,0,1627,1615.6894502285868,1615.6894502285868
d106,cm-vs-cpre,sparse,contrast,0,0,0,0,0
d106,cm-vs-cpre,sparse,floor,0,0,0,0,0
d106,cm-vs-cpre,all,contrast,1627,31.595952379303373,1552,1614.4246761407703,1614.3312052506953
d106,cm-vs-cpre,all,floor,1627,0,1627,1615.6894502285868,1615.6894502285868
d106,cm-vs-r0,dense,contrast,1627,36.07872515645518,1536,1614.4800523053855,1614.570812785998
d106,cm-vs-r0,dense,floor,1627,0,1627,1615.6894502285868,1615.6894502285868
d106,cm-vs-r0,sparse,contrast,0,0,0,0,0
d106,cm-vs-r0,sparse,floor,0,0,0,0,0
d106,cm-vs-r0,all,contrast,1627,36.07872515645518,1536,1614.4800523053855,1614.570812785998
d106,cm-vs-r0,all,floor,1627,0,1627,1615.6894502285868,1615.6894502285868
d106,cpre-vs-r0,dense,contrast,1627,33.07305960860015,1527,1614.3879522383213,1614.4136785790324
d106,cpre-vs-r0,dense,floor,1627,0,1627,1615.6894502285868,1615.6894502285868
d106,cpre-vs-r0,sparse,contrast,0,0,0,0,0
d106,cpre-vs-r0,sparse,floor,0,0,0,0,0
d106,cpre-vs-r0,all,contrast,1627,33.07305960860015,1527,1614.3879522383213,1614.4136785790324
d106,cpre-vs-r0,all,floor,1627,0,1627,1615.6894502285868,1615.6894502285868
d106,floor-r0,dense,contrast,1627,0,1627,1615.6894502285868,1615.6894502285868
d106,floor-r0,sparse,contrast,0,0,0,0,0
d106,floor-r0,all,contrast,1627,0,1627,1615.6894502285868,1615.6894502285868
d106,n-vs-cm,dense,contrast,1627,111.80776653204865,1482,1612.9884335291572,1611.852679132484
d106,n-vs-cm,dense,floor,1627,0,1627,1615.6894502285868,1615.6894502285868
d106,n-vs-cm,sparse,contrast,0,0,0,0,0
d106,n-vs-cm,sparse,floor,0,0,0,0,0
d106,n-vs-cm,all,contrast,1627,111.80776653204865,1482,1612.9884335291572,1611.852679132484
d106,n-vs-cm,all,floor,1627,0,1627,1615.6894502285868,1615.6894502285868
d106,n-vs-r0,dense,contrast,1627,108.13613251252737,1489,1612.9487733598799,1611.3224852802232
d106,n-vs-r0,dense,floor,1627,0,1627,1615.6894502285868,1615.6894502285868
d106,n-vs-r0,sparse,contrast,0,0,0,0,0
d106,n-vs-r0,sparse,floor,0,0,0,0,0
d106,n-vs-r0,all,contrast,1627,108.13613251252737,1489,1612.9487733598799,1611.3224852802232
d106,n-vs-r0,all,floor,1627,0,1627,1615.6894502285868,1615.6894502285868
d107,cm-vs-cpre,dense,contrast,278,3.8504624080982452,273,272.04267769120634,271.887178812176
d107,cm-vs-cpre,dense,floor,278,0,278,272.27054692432284,272.27054692432284
d107,cm-vs-cpre,sparse,contrast,0,0,0,0,0
d107,cm-vs-cpre,sparse,floor,0,0,0,0,0
d107,cm-vs-cpre,all,contrast,278,3.8504624080982452,273,272.04267769120634,271.887178812176
d107,cm-vs-cpre,all,floor,278,0,278,272.27054692432284,272.27054692432284
d107,cm-vs-r0,dense,contrast,278,3.0608069166343115,273,272.1388812530786,271.88038965687156
d107,cm-vs-r0,dense,floor,278,0,278,272.27054692432284,272.27054692432284
d107,cm-vs-r0,sparse,contrast,0,0,0,0,0
d107,cm-vs-r0,sparse,floor,0,0,0,0,0
d107,cm-vs-r0,all,contrast,278,3.0608069166343115,273,272.1388812530786,271.88038965687156
d107,cm-vs-r0,all,floor,278,0,278,272.27054692432284,272.27054692432284
d107,cpre-vs-r0,dense,contrast,278,2.6890330549900843,272,272.15416026860476,272.05494045093656
d107,cpre-vs-r0,dense,floor,278,0,278,272.27054692432284,272.27054692432284
d107,cpre-vs-r0,sparse,contrast,0,0,0,0,0
d107,cpre-vs-r0,sparse,floor,0,0,0,0,0
d107,cpre-vs-r0,all,contrast,278,2.6890330549900843,272,272.15416026860476,272.05494045093656
d107,cpre-vs-r0,all,floor,278,0,278,272.27054692432284,272.27054692432284
d107,floor-r0,dense,contrast,278,0,278,272.27054692432284,272.27054692432284
d107,floor-r0,sparse,contrast,0,0,0,0,0
d107,floor-r0,all,contrast,278,0,278,272.27054692432284,272.27054692432284
d107,n-vs-cm,dense,contrast,278,15.721512963136854,257,270.9487058497034,271.8988093631342
d107,n-vs-cm,dense,floor,278,0,278,272.27054692432284,272.27054692432284
d107,n-vs-cm,sparse,contrast,0,0,0,0,0
d107,n-vs-cm,sparse,floor,0,0,0,0,0
d107,n-vs-cm,all,contrast,278,15.721512963136854,257,270.9487058497034,271.8988093631342
d107,n-vs-cm,all,floor,278,0,278,272.27054692432284,272.27054692432284
d107,n-vs-r0,dense,contrast,278,17.286132385452454,258,271.0464504538104,271.8891458110884
d107,n-vs-r0,dense,floor,278,0,278,272.27054692432284,272.27054692432284
d107,n-vs-r0,sparse,contrast,0,0,0,0,0
d107,n-vs-r0,sparse,floor,0,0,0,0,0
d107,n-vs-r0,all,contrast,278,17.286132385452454,258,271.0464504538104,271.8891458110884
d107,n-vs-r0,all,floor,278,0,278,272.27054692432284,272.27054692432284
d108,cm-vs-cpre,dense,contrast,579,5.428040785343459,560,571.9273969009519,572.7434926256537
d108,cm-vs-cpre,dense,floor,579,0,579,573.0266045965254,573.0266045965254
d108,cm-vs-cpre,sparse,contrast,0,0,0,0,0
d108,cm-vs-cpre,sparse,floor,0,0,0,0,0
d108,cm-vs-cpre,all,contrast,579,5.428040785343459,560,571.9273969009519,572.7434926256537
d108,cm-vs-cpre,all,floor,579,0,579,573.0266045965254,573.0266045965254
d108,cm-vs-r0,dense,contrast,579,5.269881186892536,564,572.6684646513313,572.7038452345878
d108,cm-vs-r0,dense,floor,579,0,579,573.0266045965254,573.0266045965254
d108,cm-vs-r0,sparse,contrast,0,0,0,0,0
d108,cm-vs-r0,sparse,floor,0,0,0,0,0
d108,cm-vs-r0,all,contrast,579,5.269881186892536,564,572.6684646513313,572.7038452345878
d108,cm-vs-r0,all,floor,579,0,579,573.0266045965254,573.0266045965254
d108,cpre-vs-r0,dense,contrast,579,5.155358056851876,560,572.6748509705067,571.7765911854804
d108,cpre-vs-r0,dense,floor,579,0,579,573.0266045965254,573.0266045965254
d108,cpre-vs-r0,sparse,contrast,0,0,0,0,0
d108,cpre-vs-r0,sparse,floor,0,0,0,0,0
d108,cpre-vs-r0,all,contrast,579,5.155358056851876,560,572.6748509705067,571.7765911854804
d108,cpre-vs-r0,all,floor,579,0,579,573.0266045965254,573.0266045965254
d108,floor-r0,dense,contrast,579,0,579,573.0266045965254,573.0266045965254
d108,floor-r0,sparse,contrast,0,0,0,0,0
d108,floor-r0,all,contrast,579,0,579,573.0266045965254,573.0266045965254
d108,n-vs-cm,dense,contrast,579,23.01655644394058,551,572.4231026936322,572.7491084705107
d108,n-vs-cm,dense,floor,579,0,579,573.0266045965254,573.0266045965254
d108,n-vs-cm,sparse,contrast,0,0,0,0,0
d108,n-vs-cm,sparse,floor,0,0,0,0,0
d108,n-vs-cm,all,contrast,579,23.01655644394058,551,572.4231026936322,572.7491084705107
d108,n-vs-cm,all,floor,579,0,579,573.0266045965254,573.0266045965254
d108,n-vs-r0,dense,contrast,579,23.107648329914447,547,572.3447497743182,572.6908831577748
d108,n-vs-r0,dense,floor,579,0,579,573.0266045965254,573.0266045965254
d108,n-vs-r0,sparse,contrast,0,0,0,0,0
d108,n-vs-r0,sparse,floor,0,0,0,0,0
d108,n-vs-r0,all,contrast,579,23.107648329914447,547,572.3447497743182,572.6908831577748
d108,n-vs-r0,all,floor,579,0,579,573.0266045965254,573.0266045965254
d109,cm-vs-cpre,dense,contrast,280,4.01730449794364,269,273.79645061306655,273.65997061133385
d109,cm-vs-cpre,dense,floor,280,0,280,273.83787142671645,273.83787142671645
d109,cm-vs-cpre,sparse,contrast,0,0,0,0,0
d109,cm-vs-cpre,sparse,floor,0,0,0,0,0
d109,cm-vs-cpre,all,contrast,280,4.01730449794364,269,273.79645061306655,273.65997061133385
d109,cm-vs-cpre,all,floor,280,0,280,273.83787142671645,273.83787142671645
d109,cm-vs-r0,dense,contrast,280,7.41954054451908,265,273.13544176891446,273.3715346697718
d109,cm-vs-r0,dense,floor,280,0,280,273.83787142671645,273.83787142671645
d109,cm-vs-r0,sparse,contrast,0,0,0,0,0
d109,cm-vs-r0,sparse,floor,0,0,0,0,0
d109,cm-vs-r0,all,contrast,280,7.41954054451908,265,273.13544176891446,273.3715346697718
d109,cm-vs-r0,all,floor,280,0,280,273.83787142671645,273.83787142671645
d109,cpre-vs-r0,dense,contrast,280,7.002723948838166,267,273.142397435382,273.7285659816116
d109,cpre-vs-r0,dense,floor,280,0,280,273.83787142671645,273.83787142671645
d109,cpre-vs-r0,sparse,contrast,0,0,0,0,0
d109,cpre-vs-r0,sparse,floor,0,0,0,0,0
d109,cpre-vs-r0,all,contrast,280,7.002723948838166,267,273.142397435382,273.7285659816116
d109,cpre-vs-r0,all,floor,280,0,280,273.83787142671645,273.83787142671645
d109,floor-r0,dense,contrast,280,0,280,273.83787142671645,273.83787142671645
d109,floor-r0,sparse,contrast,0,0,0,0,0
d109,floor-r0,all,contrast,280,0,280,273.83787142671645,273.83787142671645
d109,n-vs-cm,dense,contrast,280,25.179512171294355,256,272.1882359934971,273.5998843824491
d109,n-vs-cm,dense,floor,280,0,280,273.83787142671645,273.83787142671645
d109,n-vs-cm,sparse,contrast,0,0,0,0,0
d109,n-vs-cm,sparse,floor,0,0,0,0,0
d109,n-vs-cm,all,contrast,280,25.179512171294355,256,272.1882359934971,273.5998843824491
d109,n-vs-cm,all,floor,280,0,280,273.83787142671645,273.83787142671645
d109,n-vs-r0,dense,contrast,280,21.691841268249973,257,272.9657139191404,273.60879228729755
d109,n-vs-r0,dense,floor,280,0,280,273.83787142671645,273.83787142671645
d109,n-vs-r0,sparse,contrast,0,0,0,0,0
d109,n-vs-r0,sparse,floor,0,0,0,0,0
d109,n-vs-r0,all,contrast,280,21.691841268249973,257,272.9657139191404,273.60879228729755
d109,n-vs-r0,all,floor,280,0,280,273.83787142671645,273.83787142671645
d110,cm-vs-cpre,dense,contrast,514,9.611831674922279,499,507.0299068298191,506.92603074386716
d110,cm-vs-cpre,dense,floor,514,0,514,507.22747939638793,507.22747939638793
d110,cm-vs-cpre,sparse,contrast,0,0,0,0,0
d110,cm-vs-cpre,sparse,floor,0,0,0,0,0
d110,cm-vs-cpre,all,contrast,514,9.611831674922279,499,507.0299068298191,506.92603074386716
d110,cm-vs-cpre,all,floor,514,0,514,507.22747939638793,507.22747939638793
d110,cm-vs-r0,dense,contrast,514,11.373276854868035,494,506.6933788266033,506.8527430165559
d110,cm-vs-r0,dense,floor,514,0,514,507.22747939638793,507.22747939638793
d110,cm-vs-r0,sparse,contrast,0,0,0,0,0
d110,cm-vs-r0,sparse,floor,0,0,0,0,0
d110,cm-vs-r0,all,contrast,514,11.373276854868035,494,506.6933788266033,506.8527430165559
d110,cm-vs-r0,all,floor,514,0,514,507.22747939638793,507.22747939638793
d110,cpre-vs-r0,dense,contrast,514,11.602381914860533,492,506.44288572482765,506.96972814016044
d110,cpre-vs-r0,dense,floor,514,0,514,507.22747939638793,507.22747939638793
d110,cpre-vs-r0,sparse,contrast,0,0,0,0,0
d110,cpre-vs-r0,sparse,floor,0,0,0,0,0
d110,cpre-vs-r0,all,contrast,514,11.602381914860533,492,506.44288572482765,506.96972814016044
d110,cpre-vs-r0,all,floor,514,0,514,507.22747939638793,507.22747939638793
d110,floor-r0,dense,contrast,514,0,514,507.22747939638793,507.22747939638793
d110,floor-r0,sparse,contrast,0,0,0,0,0
d110,floor-r0,all,contrast,514,0,514,507.22747939638793,507.22747939638793
d110,n-vs-cm,dense,contrast,514,32.37272515266127,478,506.18282143585384,506.9150002761744
d110,n-vs-cm,dense,floor,514,0,514,507.22747939638793,507.22747939638793
d110,n-vs-cm,sparse,contrast,0,0,0,0,0
d110,n-vs-cm,sparse,floor,0,0,0,0,0
d110,n-vs-cm,all,contrast,514,32.37272515266127,478,506.18282143585384,506.9150002761744
d110,n-vs-cm,all,floor,514,0,514,507.22747939638793,507.22747939638793
d110,n-vs-r0,dense,contrast,514,33.94058032582094,478,506.1469011497684,506.8918212945573
d110,n-vs-r0,dense,floor,514,0,514,507.22747939638793,507.22747939638793
d110,n-vs-r0,sparse,contrast,0,0,0,0,0
d110,n-vs-r0,sparse,floor,0,0,0,0,0
d110,n-vs-r0,all,contrast,514,33.94058032582094,478,506.1469011497684,506.8918212945573
d110,n-vs-r0,all,floor,514,0,514,507.22747939638793,507.22747939638793
d111,cm-vs-cpre,dense,contrast,406,5.801154616232164,399,399.7289921473712,399.49654990434647
d111,cm-vs-cpre,dense,floor,406,0,406,400.1429721098393,400.1429721098393
d111,cm-vs-cpre,sparse,contrast,0,0,0,0,0
d111,cm-vs-cpre,sparse,floor,0,0,0,0,0
d111,cm-vs-cpre,all,contrast,406,5.801154616232164,399,399.7289921473712,399.49654990434647
d111,cm-vs-cpre,all,floor,406,0,406,400.1429721098393,400.1429721098393
d111,cm-vs-r0,dense,contrast,406,7.683669382757735,395,399.896986797452,399.61941188946366
d111,cm-vs-r0,dense,floor,406,0,406,400.1429721098393,400.1429721098393
d111,cm-vs-r0,sparse,contrast,0,0,0,0,0
d111,cm-vs-r0,sparse,floor,0,0,0,0,0
d111,cm-vs-r0,all,contrast,406,7.683669382757735,395,399.896986797452,399.61941188946366
d111,cm-vs-r0,all,floor,406,0,406,400.1429721098393,400.1429721098393
d111,cpre-vs-r0,dense,contrast,406,5.673234967781723,396,399.9145126324147,399.81629282049835
d111,cpre-vs-r0,dense,floor,406,0,406,400.1429721098393,400.1429721098393
d111,cpre-vs-r0,sparse,contrast,0,0,0,0,0
d111,cpre-vs-r0,sparse,floor,0,0,0,0,0
d111,cpre-vs-r0,all,contrast,406,5.673234967781723,396,399.9145126324147,399.81629282049835
d111,cpre-vs-r0,all,floor,406,0,406,400.1429721098393,400.1429721098393
d111,crossboot-r0,dense,contrast,406,0,406,400.1429721098393,400.1429721098393
d111,crossboot-r0,sparse,contrast,0,0,0,0,0
d111,crossboot-r0,all,contrast,406,0,406,400.1429721098393,400.1429721098393
d111,floor-r0,dense,contrast,406,0,406,400.1429721098393,400.1429721098393
d111,floor-r0,sparse,contrast,0,0,0,0,0
d111,floor-r0,all,contrast,406,0,406,400.1429721098393,400.1429721098393
d111,n-vs-cm,dense,contrast,406,26.11594180386865,380,399.0717962803319,399.67708981828764
d111,n-vs-cm,dense,floor,406,0,406,400.1429721098393,400.1429721098393
d111,n-vs-cm,sparse,contrast,0,0,0,0,0
d111,n-vs-cm,sparse,floor,0,0,0,0,0
d111,n-vs-cm,all,contrast,406,26.11594180386865,380,399.0717962803319,399.67708981828764
d111,n-vs-cm,all,floor,406,0,406,400.1429721098393,400.1429721098393
d111,n-vs-r0,dense,contrast,406,26.923308437980523,384,399.15259795309976,399.7199388178997
d111,n-vs-r0,dense,floor,406,0,406,400.1429721098393,400.1429721098393
d111,n-vs-r0,sparse,contrast,0,0,0,0,0
d111,n-vs-r0,sparse,floor,0,0,0,0,0
d111,n-vs-r0,all,contrast,406,26.923308437980523,384,399.15259795309976,399.7199388178997
d111,n-vs-r0,all,floor,406,0,406,400.1429721098393,400.1429721098393
d112,cm-vs-cpre,dense,contrast,484,12.073280180456633,467,477.01039800420403,477.50951730273664
d112,cm-vs-cpre,dense,floor,484,0,484,477.7563767712563,477.7563767712563
d112,cm-vs-cpre,sparse,contrast,0,0,0,0,0
d112,cm-vs-cpre,sparse,floor,0,0,0,0,0
d112,cm-vs-cpre,all,contrast,484,12.073280180456633,467,477.01039800420403,477.50951730273664
d112,cm-vs-cpre,all,floor,484,0,484,477.7563767712563,477.7563767712563
d112,cm-vs-r0,dense,contrast,484,11.642418654439675,464,477.38514705374837,477.62070965208113
d112,cm-vs-r0,dense,floor,484,0,484,477.7563767712563,477.7563767712563
d112,cm-vs-r0,sparse,contrast,0,0,0,0,0
d112,cm-vs-r0,sparse,floor,0,0,0,0,0
d112,cm-vs-r0,all,contrast,484,11.642418654439675,464,477.38514705374837,477.62070965208113
d112,cm-vs-r0,all,floor,484,0,484,477.7563767712563,477.7563767712563
d112,cpre-vs-r0,dense,contrast,484,8.931109768951838,463,477.34347605518997,477.1107508521527
d112,cpre-vs-r0,dense,floor,484,0,484,477.7563767712563,477.7563767712563
d112,cpre-vs-r0,sparse,contrast,0,0,0,0,0
d112,cpre-vs-r0,sparse,floor,0,0,0,0,0
d112,cpre-vs-r0,all,contrast,484,8.931109768951838,463,477.34347605518997,477.1107508521527
d112,cpre-vs-r0,all,floor,484,0,484,477.7563767712563,477.7563767712563
d112,floor-r0,dense,contrast,484,0,484,477.7563767712563,477.7563767712563
d112,floor-r0,sparse,contrast,0,0,0,0,0
d112,floor-r0,all,contrast,484,0,484,477.7563767712563,477.7563767712563
d112,n-vs-cm,dense,contrast,484,32.39916967328335,453,476.5271855625324,477.05842237593606
d112,n-vs-cm,dense,floor,484,0,484,477.7563767712563,477.7563767712563
d112,n-vs-cm,sparse,contrast,0,0,0,0,0
d112,n-vs-cm,sparse,floor,0,0,0,0,0
d112,n-vs-cm,all,contrast,484,32.39916967328335,453,476.5271855625324,477.05842237593606
d112,n-vs-cm,all,floor,484,0,484,477.7563767712563,477.7563767712563
d112,n-vs-r0,dense,contrast,484,30.274380142773914,455,476.5892177117057,477.48312837956473
d112,n-vs-r0,dense,floor,484,0,484,477.7563767712563,477.7563767712563
d112,n-vs-r0,sparse,contrast,0,0,0,0,0
d112,n-vs-r0,sparse,floor,0,0,0,0,0
d112,n-vs-r0,all,contrast,484,30.274380142773914,455,476.5892177117057,477.48312837956473
d112,n-vs-r0,all,floor,484,0,484,477.7563767712563,477.7563767712563
d113,cm-vs-cpre,dense,contrast,501,8.308948603597548,484,495.0612977184355,494.99154992960393
d113,cm-vs-cpre,dense,floor,501,0,501,495.3523861449212,495.3523861449212
d113,cm-vs-cpre,sparse,contrast,0,0,0,0,0
d113,cm-vs-cpre,sparse,floor,0,0,0,0,0
d113,cm-vs-cpre,all,contrast,501,8.308948603597548,484,495.0612977184355,494.99154992960393
d113,cm-vs-cpre,all,floor,501,0,501,495.3523861449212,495.3523861449212
d113,cm-vs-r0,dense,contrast,501,8.468282343416547,484,495.1777552254498,495.0425097886473
d113,cm-vs-r0,dense,floor,501,0,501,495.3523861449212,495.3523861449212
d113,cm-vs-r0,sparse,contrast,0,0,0,0,0
d113,cm-vs-r0,sparse,floor,0,0,0,0,0
d113,cm-vs-r0,all,contrast,501,8.468282343416547,484,495.1777552254498,495.0425097886473
d113,cm-vs-r0,all,floor,501,0,501,495.3523861449212,495.3523861449212
d113,cpre-vs-r0,dense,contrast,501,9.321872263607831,486,495.1157320421189,495.01531135849655
d113,cpre-vs-r0,dense,floor,501,0,501,495.3523861449212,495.3523861449212
d113,cpre-vs-r0,sparse,contrast,0,0,0,0,0
d113,cpre-vs-r0,sparse,floor,0,0,0,0,0
d113,cpre-vs-r0,all,contrast,501,9.321872263607831,486,495.1157320421189,495.01531135849655
d113,cpre-vs-r0,all,floor,501,0,501,495.3523861449212,495.3523861449212
d113,floor-r0,dense,contrast,501,0,501,495.3523861449212,495.3523861449212
d113,floor-r0,sparse,contrast,0,0,0,0,0
d113,floor-r0,all,contrast,501,0,501,495.3523861449212,495.3523861449212
d113,n-vs-cm,dense,contrast,501,29.984748057343523,469,493.8175349761732,495.12806718051434
d113,n-vs-cm,dense,floor,501,0,501,495.3523861449212,495.3523861449212
d113,n-vs-cm,sparse,contrast,0,0,0,0,0
d113,n-vs-cm,sparse,floor,0,0,0,0,0
d113,n-vs-cm,all,contrast,501,29.984748057343523,469,493.8175349761732,495.12806718051434
d113,n-vs-cm,all,floor,501,0,501,495.3523861449212,495.3523861449212
d113,n-vs-r0,dense,contrast,501,28.898213927094154,470,494.13354228576645,495.1536288410425
d113,n-vs-r0,dense,floor,501,0,501,495.3523861449212,495.3523861449212
d113,n-vs-r0,sparse,contrast,0,0,0,0,0
d113,n-vs-r0,sparse,floor,0,0,0,0,0
d113,n-vs-r0,all,contrast,501,28.898213927094154,470,494.13354228576645,495.1536288410425
d113,n-vs-r0,all,floor,501,0,501,495.3523861449212,495.3523861449212
d114,cm-vs-cpre,dense,contrast,572,11.190475838172798,540,564.4854061864316,564.462728433311
d114,cm-vs-cpre,dense,floor,572,0,572,564.6516642905772,564.6516642905772
d114,cm-vs-cpre,sparse,contrast,0,0,0,0,0
d114,cm-vs-cpre,sparse,floor,0,0,0,0,0
d114,cm-vs-cpre,all,contrast,572,11.190475838172798,540,564.4854061864316,564.462728433311
d114,cm-vs-cpre,all,floor,572,0,572,564.6516642905772,564.6516642905772
d114,cm-vs-r0,dense,contrast,572,8.640016371439645,551,564.3507074154913,564.4960353057832
d114,cm-vs-r0,dense,floor,572,0,572,564.6516642905772,564.6516642905772
d114,cm-vs-r0,sparse,contrast,0,0,0,0,0
d114,cm-vs-r0,sparse,floor,0,0,0,0,0
d114,cm-vs-r0,all,contrast,572,8.640016371439645,551,564.3507074154913,564.4960353057832
d114,cm-vs-r0,all,floor,572,0,572,564.6516642905772,564.6516642905772
d114,cpre-vs-r0,dense,contrast,572,11.172451321285907,550,564.2898983508348,564.4575912989676
d114,cpre-vs-r0,dense,floor,572,0,572,564.6516642905772,564.6516642905772
d114,cpre-vs-r0,sparse,contrast,0,0,0,0,0
d114,cpre-vs-r0,sparse,floor,0,0,0,0,0
d114,cpre-vs-r0,all,contrast,572,11.172451321285907,550,564.2898983508348,564.4575912989676
d114,cpre-vs-r0,all,floor,572,0,572,564.6516642905772,564.6516642905772
d114,floor-r0,dense,contrast,572,0,572,564.6516642905772,564.6516642905772
d114,floor-r0,sparse,contrast,0,0,0,0,0
d114,floor-r0,all,contrast,572,0,572,564.6516642905772,564.6516642905772
d114,n-vs-cm,dense,contrast,572,28.619365248188455,523,563.6907214447856,564.4028885709122
d114,n-vs-cm,dense,floor,572,0,572,564.6516642905772,564.6516642905772
d114,n-vs-cm,sparse,contrast,0,0,0,0,0
d114,n-vs-cm,sparse,floor,0,0,0,0,0
d114,n-vs-cm,all,contrast,572,28.619365248188455,523,563.6907214447856,564.4028885709122
d114,n-vs-cm,all,floor,572,0,572,564.6516642905772,564.6516642905772
d114,n-vs-r0,dense,contrast,572,31.09411048014248,526,563.3697287472896,564.3603846412152
d114,n-vs-r0,dense,floor,572,0,572,564.6516642905772,564.6516642905772
d114,n-vs-r0,sparse,contrast,0,0,0,0,0
d114,n-vs-r0,sparse,floor,0,0,0,0,0
d114,n-vs-r0,all,contrast,572,31.09411048014248,526,563.3697287472896,564.3603846412152
d114,n-vs-r0,all,floor,572,0,572,564.6516642905772,564.6516642905772
d115,cm-vs-cpre,dense,contrast,679,18.807399908548348,647,671.0503664389253,670.616133697331
d115,cm-vs-cpre,dense,floor,679,0,679,671.8794339038432,671.8794339038432
d115,cm-vs-cpre,sparse,contrast,0,0,0,0,0
d115,cm-vs-cpre,sparse,floor,0,0,0,0,0
d115,cm-vs-cpre,all,contrast,679,18.807399908548348,647,671.0503664389253,670.616133697331
d115,cm-vs-cpre,all,floor,679,0,679,671.8794339038432,671.8794339038432
d115,cm-vs-r0,dense,contrast,679,11.694806812458513,654,671.2356658186764,671.415375681594
d115,cm-vs-r0,dense,floor,679,0,679,671.8794339038432,671.8794339038432
d115,cm-vs-r0,sparse,contrast,0,0,0,0,0
d115,cm-vs-r0,sparse,floor,0,0,0,0,0
d115,cm-vs-r0,all,contrast,679,11.694806812458513,654,671.2356658186764,671.415375681594
d115,cm-vs-r0,all,floor,679,0,679,671.8794339038432,671.8794339038432
d115,cpre-vs-r0,dense,contrast,679,11.043909729713926,651,670.8304753899574,671.567986253649
d115,cpre-vs-r0,dense,floor,679,0,679,671.8794339038432,671.8794339038432
d115,cpre-vs-r0,sparse,contrast,0,0,0,0,0
d115,cpre-vs-r0,sparse,floor,0,0,0,0,0
d115,cpre-vs-r0,all,contrast,679,11.043909729713926,651,670.8304753899574,671.567986253649
d115,cpre-vs-r0,all,floor,679,0,679,671.8794339038432,671.8794339038432
d115,floor-r0,dense,contrast,679,0,679,671.8794339038432,671.8794339038432
d115,floor-r0,sparse,contrast,0,0,0,0,0
d115,floor-r0,all,contrast,679,0,679,671.8794339038432,671.8794339038432
d115,n-vs-cm,dense,contrast,679,38.23183236734599,639,670.3292896468192,671.0381037360057
d115,n-vs-cm,dense,floor,679,0,679,671.8794339038432,671.8794339038432
d115,n-vs-cm,sparse,contrast,0,0,0,0,0
d115,n-vs-cm,sparse,floor,0,0,0,0,0
d115,n-vs-cm,all,contrast,679,38.23183236734599,639,670.3292896468192,671.0381037360057
d115,n-vs-cm,all,floor,679,0,679,671.8794339038432,671.8794339038432
d115,n-vs-r0,dense,contrast,679,39.92267313977321,641,670.3014990943484,671.8711687671021
d115,n-vs-r0,dense,floor,679,0,679,671.8794339038432,671.8794339038432
d115,n-vs-r0,sparse,contrast,0,0,0,0,0
d115,n-vs-r0,sparse,floor,0,0,0,0,0
d115,n-vs-r0,all,contrast,679,39.92267313977321,641,670.3014990943484,671.8711687671021
d115,n-vs-r0,all,floor,679,0,679,671.8794339038432,671.8794339038432
d116,cm-vs-cpre,dense,contrast,940,11.794231499696213,915,932.6525079794228,932.7317795734853
d116,cm-vs-cpre,dense,floor,940,0,940,932.8451043479145,932.8451043479145
d116,cm-vs-cpre,sparse,contrast,0,0,0,0,0
d116,cm-vs-cpre,sparse,floor,0,0,0,0,0
d116,cm-vs-cpre,all,contrast,940,11.794231499696213,915,932.6525079794228,932.7317795734853
d116,cm-vs-cpre,all,floor,940,0,940,932.8451043479145,932.8451043479145
d116,cm-vs-r0,dense,contrast,940,9.931885924368125,910,932.5803435109556,932.6842405609787
d116,cm-vs-r0,dense,floor,940,0,940,932.8451043479145,932.8451043479145
d116,cm-vs-r0,sparse,contrast,0,0,0,0,0
d116,cm-vs-r0,sparse,floor,0,0,0,0,0
d116,cm-vs-r0,all,contrast,940,9.931885924368125,910,932.5803435109556,932.6842405609787
d116,cm-vs-r0,all,floor,940,0,940,932.8451043479145,932.8451043479145
d116,cpre-vs-r0,dense,contrast,940,10.556272886271813,919,932.5988358147442,932.6828891281039
d116,cpre-vs-r0,dense,floor,940,0,940,932.8451043479145,932.8451043479145
d116,cpre-vs-r0,sparse,contrast,0,0,0,0,0
d116,cpre-vs-r0,sparse,floor,0,0,0,0,0
d116,cpre-vs-r0,all,contrast,940,10.556272886271813,919,932.5988358147442,932.6828891281039
d116,cpre-vs-r0,all,floor,940,0,940,932.8451043479145,932.8451043479145
d116,floor-r0,dense,contrast,940,0,940,932.8451043479145,932.8451043479145
d116,floor-r0,sparse,contrast,0,0,0,0,0
d116,floor-r0,all,contrast,940,0,940,932.8451043479145,932.8451043479145
d116,n-vs-cm,dense,contrast,940,45.37081626400452,877,932.2326163644902,932.5466028200462
d116,n-vs-cm,dense,floor,940,0,940,932.8451043479145,932.8451043479145
d116,n-vs-cm,sparse,contrast,0,0,0,0,0
d116,n-vs-cm,sparse,floor,0,0,0,0,0
d116,n-vs-cm,all,contrast,940,45.37081626400452,877,932.2326163644902,932.5466028200462
d116,n-vs-cm,all,floor,940,0,940,932.8451043479145,932.8451043479145
d116,n-vs-r0,dense,contrast,940,42.661757709078124,875,932.1106022992171,932.5368051808327
d116,n-vs-r0,dense,floor,940,0,940,932.8451043479145,932.8451043479145
d116,n-vs-r0,sparse,contrast,0,0,0,0,0
d116,n-vs-r0,sparse,floor,0,0,0,0,0
d116,n-vs-r0,all,contrast,940,42.661757709078124,875,932.1106022992171,932.5368051808327
d116,n-vs-r0,all,floor,940,0,940,932.8451043479145,932.8451043479145
d117,cm-vs-cpre,dense,contrast,429,13.854776421910367,399,421.572726322338,421.6217268705368
d117,cm-vs-cpre,dense,floor,429,0,429,422.04639723710716,422.04639723710716
d117,cm-vs-cpre,sparse,contrast,0,0,0,0,0
d117,cm-vs-cpre,sparse,floor,0,0,0,0,0
d117,cm-vs-cpre,all,contrast,429,13.854776421910367,399,421.572726322338,421.6217268705368
d117,cm-vs-cpre,all,floor,429,0,429,422.04639723710716,422.04639723710716
d117,cm-vs-r0,dense,contrast,429,12.570846790867812,401,421.72663982212543,421.58232617750764
d117,cm-vs-r0,dense,floor,429,0,429,422.04639723710716,422.04639723710716
d117,cm-vs-r0,sparse,contrast,0,0,0,0,0
d117,cm-vs-r0,sparse,floor,0,0,0,0,0
d117,cm-vs-r0,all,contrast,429,12.570846790867812,401,421.72663982212543,421.58232617750764
d117,cm-vs-r0,all,floor,429,0,429,422.04639723710716,422.04639723710716
d117,cpre-vs-r0,dense,contrast,429,11.575266405581893,397,421.6602183263749,421.48845431022346
d117,cpre-vs-r0,dense,floor,429,0,429,422.04639723710716,422.04639723710716
d117,cpre-vs-r0,sparse,contrast,0,0,0,0,0
d117,cpre-vs-r0,sparse,floor,0,0,0,0,0
d117,cpre-vs-r0,all,contrast,429,11.575266405581893,397,421.6602183263749,421.48845431022346
d117,cpre-vs-r0,all,floor,429,0,429,422.04639723710716,422.04639723710716
d117,crossboot-r0,dense,contrast,429,0,429,422.04639723710716,422.04639723710716
d117,crossboot-r0,sparse,contrast,0,0,0,0,0
d117,crossboot-r0,all,contrast,429,0,429,422.04639723710716,422.04639723710716
d117,floor-r0,dense,contrast,429,0,429,422.04639723710716,422.04639723710716
d117,floor-r0,sparse,contrast,0,0,0,0,0
d117,floor-r0,all,contrast,429,0,429,422.04639723710716,422.04639723710716
d117,n-vs-cm,dense,contrast,429,41.82805963623243,379,420.9106984967366,421.34159393049777
d117,n-vs-cm,dense,floor,429,0,429,422.04639723710716,422.04639723710716
d117,n-vs-cm,sparse,contrast,0,0,0,0,0
d117,n-vs-cm,sparse,floor,0,0,0,0,0
d117,n-vs-cm,all,contrast,429,41.82805963623243,379,420.9106984967366,421.34159393049777
d117,n-vs-cm,all,floor,429,0,429,422.04639723710716,422.04639723710716
d117,n-vs-r0,dense,contrast,429,44.57089137994066,377,420.8596462174319,421.1919472515583
d117,n-vs-r0,dense,floor,429,0,429,422.04639723710716,422.04639723710716
d117,n-vs-r0,sparse,contrast,0,0,0,0,0
d117,n-vs-r0,sparse,floor,0,0,0,0,0
d117,n-vs-r0,all,contrast,429,44.57089137994066,377,420.8596462174319,421.1919472515583
d117,n-vs-r0,all,floor,429,0,429,422.04639723710716,422.04639723710716
d118,cm-vs-cpre,dense,contrast,508,18.33010269054896,481,499.84015053883195,499.81631620787084
d118,cm-vs-cpre,dense,floor,508,0,508,500.72148600034416,500.72148600034416
d118,cm-vs-cpre,sparse,contrast,0,0,0,0,0
d118,cm-vs-cpre,sparse,floor,0,0,0,0,0
d118,cm-vs-cpre,all,contrast,508,18.33010269054896,481,499.84015053883195,499.81631620787084
d118,cm-vs-cpre,all,floor,508,0,508,500.72148600034416,500.72148600034416
d118,cm-vs-r0,dense,contrast,508,14.014405475942878,478,500.25349866226315,499.8721805755049
d118,cm-vs-r0,dense,floor,508,0,508,500.72148600034416,500.72148600034416
d118,cm-vs-r0,sparse,contrast,0,0,0,0,0
d118,cm-vs-r0,sparse,floor,0,0,0,0,0
d118,cm-vs-r0,all,contrast,508,14.014405475942878,478,500.25349866226315,499.8721805755049
d118,cm-vs-r0,all,floor,508,0,508,500.72148600034416,500.72148600034416
d118,cpre-vs-r0,dense,contrast,508,16.453546011330623,481,500.31691327504814,499.9823204856366
d118,cpre-vs-r0,dense,floor,508,0,508,500.72148600034416,500.72148600034416
d118,cpre-vs-r0,sparse,contrast,0,0,0,0,0
d118,cpre-vs-r0,sparse,floor,0,0,0,0,0
d118,cpre-vs-r0,all,contrast,508,16.453546011330623,481,500.31691327504814,499.9823204856366
d118,cpre-vs-r0,all,floor,508,0,508,500.72148600034416,500.72148600034416
d118,floor-r0,dense,contrast,508,0,508,500.72148600034416,500.72148600034416
d118,floor-r0,sparse,contrast,0,0,0,0,0
d118,floor-r0,all,contrast,508,0,508,500.72148600034416,500.72148600034416
d118,n-vs-cm,dense,contrast,508,52.016176144190965,449,498.5978217157535,499.4897407013923
d118,n-vs-cm,dense,floor,508,0,508,500.72148600034416,500.72148600034416
d118,n-vs-cm,sparse,contrast,0,0,0,0,0
d118,n-vs-cm,sparse,floor,0,0,0,0,0
d118,n-vs-cm,all,contrast,508,52.016176144190965,449,498.5978217157535,499.4897407013923
d118,n-vs-cm,all,floor,508,0,508,500.72148600034416,500.72148600034416
d118,n-vs-r0,dense,contrast,508,54.303658659179185,444,499.1536569488235,499.6010605925694
d118,n-vs-r0,dense,floor,508,0,508,500.72148600034416,500.72148600034416
d118,n-vs-r0,sparse,contrast,0,0,0,0,0
d118,n-vs-r0,sparse,floor,0,0,0,0,0
d118,n-vs-r0,all,contrast,508,54.303658659179185,444,499.1536569488235,499.6010605925694
d118,n-vs-r0,all,floor,508,0,508,500.72148600034416,500.72148600034416
d119,cm-vs-cpre,dense,contrast,1306,26.256418994658684,1254,1296.718549149111,1297.1779536176473
d119,cm-vs-cpre,dense,floor,1306,0,1306,1297.493981020525,1297.493981020525
d119,cm-vs-cpre,sparse,contrast,0,0,0,0,0
d119,cm-vs-cpre,sparse,floor,0,0,0,0,0
d119,cm-vs-cpre,all,contrast,1306,26.256418994658684,1254,1296.718549149111,1297.1779536176473
d119,cm-vs-cpre,all,floor,1306,0,1306,1297.493981020525,1297.493981020525
d119,cm-vs-r0,dense,contrast,1306,29.273106500368147,1250,1297.039835460484,1297.1576068531722
d119,cm-vs-r0,dense,floor,1306,0,1306,1297.493981020525,1297.493981020525
d119,cm-vs-r0,sparse,contrast,0,0,0,0,0
d119,cm-vs-r0,sparse,floor,0,0,0,0,0
d119,cm-vs-r0,all,contrast,1306,29.273106500368147,1250,1297.039835460484,1297.1576068531722
d119,cm-vs-r0,all,floor,1306,0,1306,1297.493981020525,1297.493981020525
d119,cpre-vs-r0,dense,contrast,1306,28.31405951430604,1256,1297.040756514296,1296.7560766618699
d119,cpre-vs-r0,dense,floor,1306,0,1306,1297.493981020525,1297.493981020525
d119,cpre-vs-r0,sparse,contrast,0,0,0,0,0
d119,cpre-vs-r0,sparse,floor,0,0,0,0,0
d119,cpre-vs-r0,all,contrast,1306,28.31405951430604,1256,1297.040756514296,1296.7560766618699
d119,cpre-vs-r0,all,floor,1306,0,1306,1297.493981020525,1297.493981020525
d119,floor-r0,dense,contrast,1306,0,1306,1297.493981020525,1297.493981020525
d119,floor-r0,sparse,contrast,0,0,0,0,0
d119,floor-r0,all,contrast,1306,0,1306,1297.493981020525,1297.493981020525
d119,n-vs-cm,dense,contrast,1306,88.82938725155309,1207,1295.600668689236,1296.0083244508132
d119,n-vs-cm,dense,floor,1306,0,1306,1297.493981020525,1297.493981020525
d119,n-vs-cm,sparse,contrast,0,0,0,0,0
d119,n-vs-cm,sparse,floor,0,0,0,0,0
d119,n-vs-cm,all,contrast,1306,88.82938725155309,1207,1295.600668689236,1296.0083244508132
d119,n-vs-cm,all,floor,1306,0,1306,1297.493981020525,1297.493981020525
d119,n-vs-r0,dense,contrast,1306,96.36162912188426,1203,1295.4486553105526,1295.9246680987999
d119,n-vs-r0,dense,floor,1306,0,1306,1297.493981020525,1297.493981020525
d119,n-vs-r0,sparse,contrast,0,0,0,0,0
d119,n-vs-r0,sparse,floor,0,0,0,0,0
d119,n-vs-r0,all,contrast,1306,96.36162912188426,1203,1295.4486553105526,1295.9246680987999
d119,n-vs-r0,all,floor,1306,0,1306,1297.493981020525,1297.493981020525
d120,cm-vs-cpre,dense,contrast,2048,50.9495209409525,1927,2015.7253464851528,2015.799389258027
d120,cm-vs-cpre,dense,floor,2048,0,2048,2019.291589671746,2019.291589671746
d120,cm-vs-cpre,sparse,contrast,659,10.064906390658969,624,655.4276413917542,655.4790331721306
d120,cm-vs-cpre,sparse,floor,659,7.546473958749377,636,655.5611707568169,655.5671675205231
d120,cm-vs-cpre,all,contrast,2707,61.014427331611486,2551,2671.152987876907,2671.2784224301577
d120,cm-vs-cpre,all,floor,2707,7.546473958749377,2684,2674.8527604285628,2674.858757192269
d120,cm-vs-r0,dense,contrast,2048,48.60780656448607,1929,2016.3217952456325,2015.8640089239925
d120,cm-vs-r0,dense,floor,2048,0,2048,2019.291589671746,2019.291589671746
d120,cm-vs-r0,sparse,contrast,659,10.182633503683453,624,655.5379625558853,655.4743890762329
d120,cm-vs-r0,sparse,floor,659,7.546473958749377,636,655.5611707568169,655.5671675205231
d120,cm-vs-r0,all,contrast,2707,58.79044006816952,2553,2671.859757801518,2671.3383980002254
d120,cm-vs-r0,all,floor,2707,7.546473958749377,2684,2674.8527604285628,2674.858757192269
d120,cpre-vs-r0,dense,contrast,2048,50.12999282476568,1942,2016.0861211102456,2015.480756951496
d120,cpre-vs-r0,dense,floor,2048,0,2048,2019.291589671746,2019.291589671746
d120,cpre-vs-r0,sparse,contrast,659,10.498451912727612,628,655.4711072444916,655.3699844479561
d120,cpre-vs-r0,sparse,floor,659,7.546473958749377,636,655.5611707568169,655.5671675205231
d120,cpre-vs-r0,all,contrast,2707,60.628444737493304,2570,2671.557228354737,2670.850741399452
d120,cpre-vs-r0,all,floor,2707,7.546473958749377,2684,2674.8527604285628,2674.858757192269
d120,floor-r0,dense,contrast,2048,0,2048,2019.291589671746,2019.291589671746
d120,floor-r0,sparse,contrast,659,7.546473958749377,636,655.5611707568169,655.5671675205231
d120,floor-r0,all,contrast,2707,7.546473958749377,2684,2674.8527604285628,2674.858757192269
d120,n-vs-cm,dense,contrast,2048,183.3023883346866,1809,2010.7722095986828,2010.18373710569
d120,n-vs-cm,dense,floor,2048,0,2048,2019.291589671746,2019.291589671746
d120,n-vs-cm,sparse,contrast,659,42.16028621486547,596,654.7890852689743,654.4263260960579
d120,n-vs-cm,sparse,floor,659,7.546473958749377,636,655.5611707568169,655.5671675205231
d120,n-vs-cm,all,contrast,2707,225.46267454955213,2405,2665.561294867657,2664.610063201748
d120,n-vs-cm,all,floor,2707,7.546473958749377,2684,2674.8527604285628,2674.858757192269
d120,n-vs-r0,dense,contrast,2048,180.76163855151427,1803,2011.338579540141,2009.4335849526105
d120,n-vs-r0,dense,floor,2048,0,2048,2019.291589671746,2019.291589671746
d120,n-vs-r0,sparse,contrast,659,41.36826308715112,601,654.8112128973007,654.5778132677078
d120,n-vs-r0,sparse,floor,659,7.546473958749377,636,655.5611707568169,655.5671675205231
d120,n-vs-r0,all,contrast,2707,222.12990163866542,2404,2666.1497924374416,2664.0113982203184
d120,n-vs-r0,all,floor,2707,7.546473958749377,2684,2674.8527604285628,2674.858757192269
d121,cm-vs-cpre,dense,contrast,903,24.917046815445637,865,889.1922200210392,889.4021815638989
d121,cm-vs-cpre,dense,floor,903,0,903,890.0860127322376,890.0860127322376
d121,cm-vs-cpre,sparse,contrast,0,0,0,0,0
d121,cm-vs-cpre,sparse,floor,0,0,0,0,0
d121,cm-vs-cpre,all,contrast,903,24.917046815445637,865,889.1922200210392,889.4021815638989
d121,cm-vs-cpre,all,floor,903,0,903,890.0860127322376,890.0860127322376
d121,cm-vs-r0,dense,contrast,903,27.156987440649743,849,889.3518712483346,889.0426159910858
d121,cm-vs-r0,dense,floor,903,0,903,890.0860127322376,890.0860127322376
d121,cm-vs-r0,sparse,contrast,0,0,0,0,0
d121,cm-vs-r0,sparse,floor,0,0,0,0,0
d121,cm-vs-r0,all,contrast,903,27.156987440649743,849,889.3518712483346,889.0426159910858
d121,cm-vs-r0,all,floor,903,0,903,890.0860127322376,890.0860127322376
d121,cpre-vs-r0,dense,contrast,903,29.19218462764444,843,889.3676487095654,889.2168265525252
d121,cpre-vs-r0,dense,floor,903,0,903,890.0860127322376,890.0860127322376
d121,cpre-vs-r0,sparse,contrast,0,0,0,0,0
d121,cpre-vs-r0,sparse,floor,0,0,0,0,0
d121,cpre-vs-r0,all,contrast,903,29.19218462764444,843,889.3676487095654,889.2168265525252
d121,cpre-vs-r0,all,floor,903,0,903,890.0860127322376,890.0860127322376
d121,floor-r0,dense,contrast,903,0,903,890.0860127322376,890.0860127322376
d121,floor-r0,sparse,contrast,0,0,0,0,0
d121,floor-r0,all,contrast,903,0,903,890.0860127322376,890.0860127322376
d121,n-vs-cm,dense,contrast,903,107.5387884161278,805,886.764322638046,886.2939264108427
d121,n-vs-cm,dense,floor,903,0,903,890.0860127322376,890.0860127322376
d121,n-vs-cm,sparse,contrast,0,0,0,0,0
d121,n-vs-cm,sparse,floor,0,0,0,0,0
d121,n-vs-cm,all,contrast,903,107.5387884161278,805,886.764322638046,886.2939264108427
d121,n-vs-cm,all,floor,903,0,903,890.0860127322376,890.0860127322376
d121,n-vs-r0,dense,contrast,903,101.65897242116692,804,887.3775009163655,886.5529356510378
d121,n-vs-r0,dense,floor,903,0,903,890.0860127322376,890.0860127322376
d121,n-vs-r0,sparse,contrast,0,0,0,0,0
d121,n-vs-r0,sparse,floor,0,0,0,0,0
d121,n-vs-r0,all,contrast,903,101.65897242116692,804,887.3775009163655,886.5529356510378
d121,n-vs-r0,all,floor,903,0,903,890.0860127322376,890.0860127322376
d122,cm-vs-cpre,dense,contrast,382,13.650033804242968,351,370.0036359280348,369.43625086918473
d122,cm-vs-cpre,dense,floor,382,0,382,370.71344113722444,370.71344113722444
d122,cm-vs-cpre,sparse,contrast,0,0,0,0,0
d122,cm-vs-cpre,sparse,floor,0,0,0,0,0
d122,cm-vs-cpre,all,contrast,382,13.650033804242968,351,370.0036359280348,369.43625086918473
d122,cm-vs-cpre,all,floor,382,0,382,370.71344113722444,370.71344113722444
d122,cm-vs-r0,dense,contrast,382,14.125938924373642,358,369.8933458458632,369.2807771656662
d122,cm-vs-r0,dense,floor,382,0,382,370.71344113722444,370.71344113722444
d122,cm-vs-r0,sparse,contrast,0,0,0,0,0
d122,cm-vs-r0,sparse,floor,0,0,0,0,0
d122,cm-vs-r0,all,contrast,382,14.125938924373642,358,369.8933458458632,369.2807771656662
d122,cm-vs-r0,all,floor,382,0,382,370.71344113722444,370.71344113722444
d122,cpre-vs-r0,dense,contrast,382,14.77419611875018,354,369.41597494482994,369.7293905057013
d122,cpre-vs-r0,dense,floor,382,0,382,370.71344113722444,370.71344113722444
d122,cpre-vs-r0,sparse,contrast,0,0,0,0,0
d122,cpre-vs-r0,sparse,floor,0,0,0,0,0
d122,cpre-vs-r0,all,contrast,382,14.77419611875018,354,369.41597494482994,369.7293905057013
d122,cpre-vs-r0,all,floor,382,0,382,370.71344113722444,370.71344113722444
d122,floor-r0,dense,contrast,382,0,382,370.71344113722444,370.71344113722444
d122,floor-r0,sparse,contrast,0,0,0,0,0
d122,floor-r0,all,contrast,382,0,382,370.71344113722444,370.71344113722444
d122,n-vs-cm,dense,contrast,382,51.21923438616497,333,367.0946692985017,370.06481940019876
d122,n-vs-cm,dense,floor,382,0,382,370.71344113722444,370.71344113722444
d122,n-vs-cm,sparse,contrast,0,0,0,0,0
d122,n-vs-cm,sparse,floor,0,0,0,0,0
d122,n-vs-cm,all,contrast,382,51.21923438616497,333,367.0946692985017,370.06481940019876
d122,n-vs-cm,all,floor,382,0,382,370.71344113722444,370.71344113722444
d122,n-vs-r0,dense,contrast,382,55.29314448669396,337,367.7582020643167,369.76525235082954
d122,n-vs-r0,dense,floor,382,0,382,370.71344113722444,370.71344113722444
d122,n-vs-r0,sparse,contrast,0,0,0,0,0
d122,n-vs-r0,sparse,floor,0,0,0,0,0
d122,n-vs-r0,all,contrast,382,55.29314448669396,337,367.7582020643167,369.76525235082954
d122,n-vs-r0,all,floor,382,0,382,370.71344113722444,370.71344113722444
d123,cm-vs-cpre,dense,contrast,415,12.212230257060286,393,405.6206710767001,405.1339522898197
d123,cm-vs-cpre,dense,floor,415,0,415,406.2195978742093,406.2195978742093
d123,cm-vs-cpre,sparse,contrast,0,0,0,0,0
d123,cm-vs-cpre,sparse,floor,0,0,0,0,0
d123,cm-vs-cpre,all,contrast,415,12.212230257060286,393,405.6206710767001,405.1339522898197
d123,cm-vs-cpre,all,floor,415,0,415,406.2195978742093,406.2195978742093
d123,cm-vs-r0,dense,contrast,415,12.916950752139055,388,405.21478013694286,404.94714019075036
d123,cm-vs-r0,dense,floor,415,0,415,406.2195978742093,406.2195978742093
d123,cm-vs-r0,sparse,contrast,0,0,0,0,0
d123,cm-vs-r0,sparse,floor,0,0,0,0,0
d123,cm-vs-r0,all,contrast,415,12.916950752139055,388,405.21478013694286,404.94714019075036
d123,cm-vs-r0,all,floor,415,0,415,406.2195978742093,406.2195978742093
d123,cpre-vs-r0,dense,contrast,415,10.702405546150008,390,405.488786784932,405.6849115472287
d123,cpre-vs-r0,dense,floor,415,0,415,406.2195978742093,406.2195978742093
d123,cpre-vs-r0,sparse,contrast,0,0,0,0,0
d123,cpre-vs-r0,sparse,floor,0,0,0,0,0
d123,cpre-vs-r0,all,contrast,415,10.702405546150008,390,405.488786784932,405.6849115472287
d123,cpre-vs-r0,all,floor,415,0,415,406.2195978742093,406.2195978742093
d123,floor-r0,dense,contrast,415,0,415,406.2195978742093,406.2195978742093
d123,floor-r0,sparse,contrast,0,0,0,0,0
d123,floor-r0,all,contrast,415,0,415,406.2195978742093,406.2195978742093
d123,n-vs-cm,dense,contrast,415,34.74519999159932,375,403.57509612385184,404.566796971485
d123,n-vs-cm,dense,floor,415,0,415,406.2195978742093,406.2195978742093
d123,n-vs-cm,sparse,contrast,0,0,0,0,0
d123,n-vs-cm,sparse,floor,0,0,0,0,0
d123,n-vs-cm,all,contrast,415,34.74519999159932,375,403.57509612385184,404.566796971485
d123,n-vs-cm,all,floor,415,0,415,406.2195978742093,406.2195978742093
d123,n-vs-r0,dense,contrast,415,39.617074921543384,371,403.65546520845965,404.6732086148113
d123,n-vs-r0,dense,floor,415,0,415,406.2195978742093,406.2195978742093
d123,n-vs-r0,sparse,contrast,0,0,0,0,0
d123,n-vs-r0,sparse,floor,0,0,0,0,0
d123,n-vs-r0,all,contrast,415,39.617074921543384,371,403.65546520845965,404.6732086148113
d123,n-vs-r0,all,floor,415,0,415,406.2195978742093,406.2195978742093
d124,cm-vs-cpre,dense,contrast,386,8.585669237810597,371,377.17005721479654,377.5506358668208
d124,cm-vs-cpre,dense,floor,386,0,386,377.60824183002114,377.60824183002114
d124,cm-vs-cpre,sparse,contrast,0,0,0,0,0
d124,cm-vs-cpre,sparse,floor,0,0,0,0,0
d124,cm-vs-cpre,all,contrast,386,8.585669237810597,371,377.17005721479654,377.5506358668208
d124,cm-vs-cpre,all,floor,386,0,386,377.60824183002114,377.60824183002114
d124,cm-vs-r0,dense,contrast,386,11.246577413379194,369,377.03322412632406,377.51940372772515
d124,cm-vs-r0,dense,floor,386,0,386,377.60824183002114,377.60824183002114
d124,cm-vs-r0,sparse,contrast,0,0,0,0,0
d124,cm-vs-r0,sparse,floor,0,0,0,0,0
d124,cm-vs-r0,all,contrast,386,11.246577413379194,369,377.03322412632406,377.51940372772515
d124,cm-vs-r0,all,floor,386,0,386,377.60824183002114,377.60824183002114
d124,cpre-vs-r0,dense,contrast,386,9.819385078116492,369,376.92940229177475,377.07211155071855
d124,cpre-vs-r0,dense,floor,386,0,386,377.60824183002114,377.60824183002114
d124,cpre-vs-r0,sparse,contrast,0,0,0,0,0
d124,cpre-vs-r0,sparse,floor,0,0,0,0,0
d124,cpre-vs-r0,all,contrast,386,9.819385078116492,369,376.92940229177475,377.07211155071855
d124,cpre-vs-r0,all,floor,386,0,386,377.60824183002114,377.60824183002114
d124,floor-r0,dense,contrast,386,0,386,377.60824183002114,377.60824183002114
d124,floor-r0,sparse,contrast,0,0,0,0,0
d124,floor-r0,all,contrast,386,0,386,377.60824183002114,377.60824183002114
d124,n-vs-cm,dense,contrast,386,50.01213823917098,335,375.89129444770515,376.5855813631788
d124,n-vs-cm,dense,floor,386,0,386,377.60824183002114,377.60824183002114
d124,n-vs-cm,sparse,contrast,0,0,0,0,0
d124,n-vs-cm,sparse,floor,0,0,0,0,0
d124,n-vs-cm,all,contrast,386,50.01213823917098,335,375.89129444770515,376.5855813631788
d124,n-vs-cm,all,floor,386,0,386,377.60824183002114,377.60824183002114
d124,n-vs-r0,dense,contrast,386,50.844693120025525,340,375.1441892632283,376.3968621864915
d124,n-vs-r0,dense,floor,386,0,386,377.60824183002114,377.60824183002114
d124,n-vs-r0,sparse,contrast,0,0,0,0,0
d124,n-vs-r0,sparse,floor,0,0,0,0,0
d124,n-vs-r0,all,contrast,386,50.844693120025525,340,375.1441892632283,376.3968621864915
d124,n-vs-r0,all,floor,386,0,386,377.60824183002114,377.60824183002114
d125,cm-vs-cpre,dense,contrast,276,5.168968229519192,262,266.2808987926692,266.1646882593632
d125,cm-vs-cpre,dense,floor,276,0,276,266.6323089990765,266.6323089990765
d125,cm-vs-cpre,sparse,contrast,0,0,0,0,0
d125,cm-vs-cpre,sparse,floor,0,0,0,0,0
d125,cm-vs-cpre,all,contrast,276,5.168968229519192,262,266.2808987926692,266.1646882593632
d125,cm-vs-cpre,all,floor,276,0,276,266.6323089990765,266.6323089990765
d125,cm-vs-r0,dense,contrast,276,3.593180635686004,264,266.237595949322,266.19542347826064
d125,cm-vs-r0,dense,floor,276,0,276,266.6323089990765,266.6323089990765
d125,cm-vs-r0,sparse,contrast,0,0,0,0,0
d125,cm-vs-r0,sparse,floor,0,0,0,0,0
d125,cm-vs-r0,all,contrast,276,3.593180635686004,264,266.237595949322,266.19542347826064
d125,cm-vs-r0,all,floor,276,0,276,266.6323089990765,266.6323089990765
d125,cpre-vs-r0,dense,contrast,276,4.062969517993512,263,266.28126298077404,266.35366465710104
d125,cpre-vs-r0,dense,floor,276,0,276,266.6323089990765,266.6323089990765
d125,cpre-vs-r0,sparse,contrast,0,0,0,0,0
d125,cpre-vs-r0,sparse,floor,0,0,0,0,0
d125,cpre-vs-r0,all,contrast,276,4.062969517993512,263,266.28126298077404,266.35366465710104
d125,cpre-vs-r0,all,floor,276,0,276,266.6323089990765,266.6323089990765
d125,floor-r0,dense,contrast,276,0,276,266.6323089990765,266.6323089990765
d125,floor-r0,sparse,contrast,0,0,0,0,0
d125,floor-r0,all,contrast,276,0,276,266.6323089990765,266.6323089990765
d125,n-vs-cm,dense,contrast,276,16.104670348985593,252,265.41564472205937,266.45506115071476
d125,n-vs-cm,dense,floor,276,0,276,266.6323089990765,266.6323089990765
d125,n-vs-cm,sparse,contrast,0,0,0,0,0
d125,n-vs-cm,sparse,floor,0,0,0,0,0
d125,n-vs-cm,all,contrast,276,16.104670348985593,252,265.41564472205937,266.45506115071476
d125,n-vs-cm,all,floor,276,0,276,266.6323089990765,266.6323089990765
d125,n-vs-r0,dense,contrast,276,14.264831781934667,253,265.4107815492898,266.5073233442381
d125,n-vs-r0,dense,floor,276,0,276,266.6323089990765,266.6323089990765
d125,n-vs-r0,sparse,contrast,0,0,0,0,0
d125,n-vs-r0,sparse,floor,0,0,0,0,0
d125,n-vs-r0,all,contrast,276,14.264831781934667,253,265.4107815492898,266.5073233442381
d125,n-vs-r0,all,floor,276,0,276,266.6323089990765,266.6323089990765
d126,cm-vs-cpre,dense,contrast,213,7.1819339547796535,196,204.37484286911786,204.07051736675203
d126,cm-vs-cpre,dense,floor,213,0,213,204.79133257642388,204.79133257642388
d126,cm-vs-cpre,sparse,contrast,0,0,0,0,0
d126,cm-vs-cpre,sparse,floor,0,0,0,0,0
d126,cm-vs-cpre,all,contrast,213,7.1819339547796535,196,204.37484286911786,204.07051736675203
d126,cm-vs-cpre,all,floor,213,0,213,204.79133257642388,204.79133257642388
d126,cm-vs-r0,dense,contrast,213,7.62798245711908,197,204.32897906191647,203.97976865060627
d126,cm-vs-r0,dense,floor,213,0,213,204.79133257642388,204.79133257642388
d126,cm-vs-r0,sparse,contrast,0,0,0,0,0
d126,cm-vs-r0,sparse,floor,0,0,0,0,0
d126,cm-vs-r0,all,contrast,213,7.62798245711908,197,204.32897906191647,203.97976865060627
d126,cm-vs-r0,all,floor,213,0,213,204.79133257642388,204.79133257642388
d126,cpre-vs-r0,dense,contrast,213,5.660223668623849,197,204.3881644755602,204.39500655792654
d126,cpre-vs-r0,dense,floor,213,0,213,204.79133257642388,204.79133257642388
d126,cpre-vs-r0,sparse,contrast,0,0,0,0,0
d126,cpre-vs-r0,sparse,floor,0,0,0,0,0
d126,cpre-vs-r0,all,contrast,213,5.660223668623849,197,204.3881644755602,204.39500655792654
d126,cpre-vs-r0,all,floor,213,0,213,204.79133257642388,204.79133257642388
d126,floor-r0,dense,contrast,213,0,213,204.79133257642388,204.79133257642388
d126,floor-r0,sparse,contrast,0,0,0,0,0
d126,floor-r0,all,contrast,213,0,213,204.79133257642388,204.79133257642388
d126,n-vs-cm,dense,contrast,213,22.426840250527242,187,203.40777327958494,204.41310656582937
d126,n-vs-cm,dense,floor,213,0,213,204.79133257642388,204.79133257642388
d126,n-vs-cm,sparse,contrast,0,0,0,0,0
d126,n-vs-cm,sparse,floor,0,0,0,0,0
d126,n-vs-cm,all,contrast,213,22.426840250527242,187,203.40777327958494,204.41310656582937
d126,n-vs-cm,all,floor,213,0,213,204.79133257642388,204.79133257642388
d126,n-vs-r0,dense,contrast,213,20.766447670128873,195,203.7757223714143,204.50689299730584
d126,n-vs-r0,dense,floor,213,0,213,204.79133257642388,204.79133257642388
d126,n-vs-r0,sparse,contrast,0,0,0,0,0
d126,n-vs-r0,sparse,floor,0,0,0,0,0
d126,n-vs-r0,all,contrast,213,20.766447670128873,195,203.7757223714143,204.50689299730584
d126,n-vs-r0,all,floor,213,0,213,204.79133257642388,204.79133257642388
d127,cm-vs-cpre,dense,contrast,257,3.5913862341710012,248,250.03123728744686,249.57353435456753
d127,cm-vs-cpre,dense,floor,257,0,257,250.14224078692496,250.14224078692496
d127,cm-vs-cpre,sparse,contrast,0,0,0,0,0
d127,cm-vs-cpre,sparse,floor,0,0,0,0,0
d127,cm-vs-cpre,all,contrast,257,3.5913862341710012,248,250.03123728744686,249.57353435456753
d127,cm-vs-cpre,all,floor,257,0,257,250.14224078692496,250.14224078692496
d127,cm-vs-r0,dense,contrast,257,4.016523022985989,249,249.9202016927302,249.5666885767132
d127,cm-vs-r0,dense,floor,257,0,257,250.14224078692496,250.14224078692496
d127,cm-vs-r0,sparse,contrast,0,0,0,0,0
d127,cm-vs-r0,sparse,floor,0,0,0,0,0
d127,cm-vs-r0,all,contrast,257,4.016523022985989,249,249.9202016927302,249.5666885767132
d127,cm-vs-r0,all,floor,257,0,257,250.14224078692496,250.14224078692496
d127,cpre-vs-r0,dense,contrast,257,3.856166002080716,248,249.8978838790208,250.0357346292585
d127,cpre-vs-r0,dense,floor,257,0,257,250.14224078692496,250.14224078692496
d127,cpre-vs-r0,sparse,contrast,0,0,0,0,0
d127,cpre-vs-r0,sparse,floor,0,0,0,0,0
d127,cpre-vs-r0,all,contrast,257,3.856166002080716,248,249.8978838790208,250.0357346292585
d127,cpre-vs-r0,all,floor,257,0,257,250.14224078692496,250.14224078692496
d127,floor-r0,dense,contrast,257,0,257,250.14224078692496,250.14224078692496
d127,floor-r0,sparse,contrast,0,0,0,0,0
d127,floor-r0,all,contrast,257,0,257,250.14224078692496,250.14224078692496
d127,n-vs-cm,dense,contrast,257,13.275027282800757,244,249.1571751702577,249.81956781912595
d127,n-vs-cm,dense,floor,257,0,257,250.14224078692496,250.14224078692496
d127,n-vs-cm,sparse,contrast,0,0,0,0,0
d127,n-vs-cm,sparse,floor,0,0,0,0,0
d127,n-vs-cm,all,contrast,257,13.275027282800757,244,249.1571751702577,249.81956781912595
d127,n-vs-cm,all,floor,257,0,257,250.14224078692496,250.14224078692496
d127,n-vs-r0,dense,contrast,257,12.778661361112789,242,249.5841993857175,249.85673769190907
d127,n-vs-r0,dense,floor,257,0,257,250.14224078692496,250.14224078692496
d127,n-vs-r0,sparse,contrast,0,0,0,0,0
d127,n-vs-r0,sparse,floor,0,0,0,0,0
d127,n-vs-r0,all,contrast,257,12.778661361112789,242,249.5841993857175,249.85673769190907
d127,n-vs-r0,all,floor,257,0,257,250.14224078692496,250.14224078692496
d128,cm-vs-cpre,dense,contrast,272,4.337035704764817,260,262.0722319316119,261.66908444464207
d128,cm-vs-cpre,dense,floor,272,0,272,262.3015901390463,262.3015901390463
d128,cm-vs-cpre,sparse,contrast,0,0,0,0,0
d128,cm-vs-cpre,sparse,floor,0,0,0,0,0
d128,cm-vs-cpre,all,contrast,272,4.337035704764817,260,262.0722319316119,261.66908444464207
d128,cm-vs-cpre,all,floor,272,0,272,262.3015901390463,262.3015901390463
d128,cm-vs-r0,dense,contrast,272,4.6401722345991425,262,261.7209227718413,261.6379094813019
d128,cm-vs-r0,dense,floor,272,0,272,262.3015901390463,262.3015901390463
d128,cm-vs-r0,sparse,contrast,0,0,0,0,0
d128,cm-vs-r0,sparse,floor,0,0,0,0,0
d128,cm-vs-r0,all,contrast,272,4.6401722345991425,262,261.7209227718413,261.6379094813019
d128,cm-vs-r0,all,floor,272,0,272,262.3015901390463,262.3015901390463
d128,cpre-vs-r0,dense,contrast,272,3.5908846986087926,261,261.7663676608354,262.1593875940889
d128,cpre-vs-r0,dense,floor,272,0,272,262.3015901390463,262.3015901390463
d128,cpre-vs-r0,sparse,contrast,0,0,0,0,0
d128,cpre-vs-r0,sparse,floor,0,0,0,0,0
d128,cpre-vs-r0,all,contrast,272,3.5908846986087926,261,261.7663676608354,262.1593875940889
d128,cpre-vs-r0,all,floor,272,0,272,262.3015901390463,262.3015901390463
d128,floor-r0,dense,contrast,272,0,272,262.3015901390463,262.3015901390463
d128,floor-r0,sparse,contrast,0,0,0,0,0
d128,floor-r0,all,contrast,272,0,272,262.3015901390463,262.3015901390463
d128,n-vs-cm,dense,contrast,272,13.450832411295343,254,260.93280121218413,262.0508868168108
d128,n-vs-cm,dense,floor,272,0,272,262.3015901390463,262.3015901390463
d128,n-vs-cm,sparse,contrast,0,0,0,0,0
d128,n-vs-cm,sparse,floor,0,0,0,0,0
d128,n-vs-cm,all,contrast,272,13.450832411295343,254,260.93280121218413,262.0508868168108
d128,n-vs-cm,all,floor,272,0,272,262.3015901390463,262.3015901390463
d128,n-vs-r0,dense,contrast,272,13.188509212268398,253,261.31831116601825,262.3582422169857
d128,n-vs-r0,dense,floor,272,0,272,262.3015901390463,262.3015901390463
d128,n-vs-r0,sparse,contrast,0,0,0,0,0
d128,n-vs-r0,sparse,floor,0,0,0,0,0
d128,n-vs-r0,all,contrast,272,13.188509212268398,253,261.31831116601825,262.3582422169857
d128,n-vs-r0,all,floor,272,0,272,262.3015901390463,262.3015901390463
d129,cm-vs-cpre,dense,contrast,257,110.6098560827434,210,233.87934543658048,236.29900270525832
d129,cm-vs-cpre,dense,floor,257,0,257,247.159240687266,247.159240687266
d129,cm-vs-cpre,sparse,contrast,0,0,0,0,0
d129,cm-vs-cpre,sparse,floor,0,0,0,0,0
d129,cm-vs-cpre,all,contrast,257,110.6098560827434,210,233.87934543658048,236.29900270525832
d129,cm-vs-cpre,all,floor,257,0,257,247.159240687266,247.159240687266
d129,cm-vs-r0,dense,contrast,257,95.47010914930868,212,239.75858626700938,237.2038229596219
d129,cm-vs-r0,dense,floor,257,0,257,247.159240687266,247.159240687266
d129,cm-vs-r0,sparse,contrast,0,0,0,0,0
d129,cm-vs-r0,sparse,floor,0,0,0,0,0
d129,cm-vs-r0,all,contrast,257,95.47010914930868,212,239.75858626700938,237.2038229596219
d129,cm-vs-r0,all,floor,257,0,257,247.159240687266,247.159240687266
d129,cpre-vs-r0,dense,contrast,257,95.19632139413454,212,238.69891776517034,236.55190875998233
d129,cpre-vs-r0,dense,floor,257,0,257,247.159240687266,247.159240687266
d129,cpre-vs-r0,sparse,contrast,0,0,0,0,0
d129,cpre-vs-r0,sparse,floor,0,0,0,0,0
d129,cpre-vs-r0,all,contrast,257,95.19632139413454,212,238.69891776517034,236.55190875998233
d129,cpre-vs-r0,all,floor,257,0,257,247.159240687266,247.159240687266
d129,floor-r0,dense,contrast,257,0,257,247.159240687266,247.159240687266
d129,floor-r0,sparse,contrast,0,0,0,0,0
d129,floor-r0,all,contrast,257,0,257,247.159240687266,247.159240687266
d129,n-vs-cm,dense,contrast,257,110.80585245501877,196,228.48762324880119,231.95274211428546
d129,n-vs-cm,dense,floor,257,0,257,247.159240687266,247.159240687266
d129,n-vs-cm,sparse,contrast,0,0,0,0,0
d129,n-vs-cm,sparse,floor,0,0,0,0,0
d129,n-vs-cm,all,contrast,257,110.80585245501877,196,228.48762324880119,231.95274211428546
d129,n-vs-cm,all,floor,257,0,257,247.159240687266,247.159240687266
d129,n-vs-r0,dense,contrast,257,152.10430874670845,193,231.09717910264325,234.33559599690557
d129,n-vs-r0,dense,floor,257,0,257,247.159240687266,247.159240687266
d129,n-vs-r0,sparse,contrast,0,0,0,0,0
d129,n-vs-r0,sparse,floor,0,0,0,0,0
d129,n-vs-r0,all,contrast,257,152.10430874670845,193,231.09717910264325,234.33559599690557
d129,n-vs-r0,all,floor,257,0,257,247.159240687266,247.159240687266
d130,cm-vs-cpre,dense,contrast,319,10.473632724312044,300,308.8979260455817,308.8518549632281
d130,cm-vs-cpre,dense,floor,319,0,319,309.71399774588645,309.71399774588645
d130,cm-vs-cpre,sparse,contrast,0,0,0,0,0
d130,cm-vs-cpre,sparse,floor,0,0,0,0,0
d130,cm-vs-cpre,all,contrast,319,10.473632724312044,300,308.8979260455817,308.8518549632281
d130,cm-vs-cpre,all,floor,319,0,319,309.71399774588645,309.71399774588645
d130,cm-vs-r0,dense,contrast,319,8.394776899296405,297,308.8599327560514,308.8857763390988
d130,cm-vs-r0,dense,floor,319,0,319,309.71399774588645,309.71399774588645
d130,cm-vs-r0,sparse,contrast,0,0,0,0,0
d130,cm-vs-r0,sparse,floor,0,0,0,0,0
d130,cm-vs-r0,all,contrast,319,8.394776899296405,297,308.8599327560514,308.8857763390988
d130,cm-vs-r0,all,floor,319,0,319,309.71399774588645,309.71399774588645
d130,cpre-vs-r0,dense,contrast,319,12.104699811279232,295,308.8600771892816,308.6013590898365
d130,cpre-vs-r0,dense,floor,319,0,319,309.71399774588645,309.71399774588645
d130,cpre-vs-r0,sparse,contrast,0,0,0,0,0
d130,cpre-vs-r0,sparse,floor,0,0,0,0,0
d130,cpre-vs-r0,all,contrast,319,12.104699811279232,295,308.8600771892816,308.6013590898365
d130,cpre-vs-r0,all,floor,319,0,319,309.71399774588645,309.71399774588645
d130,floor-r0,dense,contrast,319,0,319,309.71399774588645,309.71399774588645
d130,floor-r0,sparse,contrast,0,0,0,0,0
d130,floor-r0,all,contrast,319,0,319,309.71399774588645,309.71399774588645
d130,n-vs-cm,dense,contrast,319,33.69220377868393,279,306.8600562782958,307.65167937381193
d130,n-vs-cm,dense,floor,319,0,319,309.71399774588645,309.71399774588645
d130,n-vs-cm,sparse,contrast,0,0,0,0,0
d130,n-vs-cm,sparse,floor,0,0,0,0,0
d130,n-vs-cm,all,contrast,319,33.69220377868393,279,306.8600562782958,307.65167937381193
d130,n-vs-cm,all,floor,319,0,319,309.71399774588645,309.71399774588645
d130,n-vs-r0,dense,contrast,319,39.308502641069005,277,307.05412368569523,307.42790135601535
d130,n-vs-r0,dense,floor,319,0,319,309.71399774588645,309.71399774588645
d130,n-vs-r0,sparse,contrast,0,0,0,0,0
d130,n-vs-r0,sparse,floor,0,0,0,0,0
d130,n-vs-r0,all,contrast,319,39.308502641069005,277,307.05412368569523,307.42790135601535
d130,n-vs-r0,all,floor,319,0,319,309.71399774588645,309.71399774588645
d131,cm-vs-cpre,dense,contrast,286,7.879791969158719,275,278.58678756468,278.7848922163248
d131,cm-vs-cpre,dense,floor,286,0,286,279.11997368372977,279.11997368372977
d131,cm-vs-cpre,sparse,contrast,0,0,0,0,0
d131,cm-vs-cpre,sparse,floor,0,0,0,0,0
d131,cm-vs-cpre,all,contrast,286,7.879791969158719,275,278.58678756468,278.7848922163248
d131,cm-vs-cpre,all,floor,286,0,286,279.11997368372977,279.11997368372977
d131,cm-vs-r0,dense,contrast,286,5.161909093401148,278,278.8801716901362,278.8131309542805
d131,cm-vs-r0,dense,floor,286,0,286,279.11997368372977,279.11997368372977
d131,cm-vs-r0,sparse,contrast,0,0,0,0,0
d131,cm-vs-r0,sparse,floor,0,0,0,0,0
d131,cm-vs-r0,all,contrast,286,5.161909093401148,278,278.8801716901362,278.8131309542805
d131,cm-vs-r0,all,floor,286,0,286,279.11997368372977,279.11997368372977
d131,cpre-vs-r0,dense,contrast,286,6.033583322845014,273,278.8368371594697,278.59170744381845
d131,cpre-vs-r0,dense,floor,286,0,286,279.11997368372977,279.11997368372977
d131,cpre-vs-r0,sparse,contrast,0,0,0,0,0
d131,cpre-vs-r0,sparse,floor,0,0,0,0,0
d131,cpre-vs-r0,all,contrast,286,6.033583322845014,273,278.8368371594697,278.59170744381845
d131,cpre-vs-r0,all,floor,286,0,286,279.11997368372977,279.11997368372977
d131,floor-r0,dense,contrast,286,0,286,279.11997368372977,279.11997368372977
d131,floor-r0,sparse,contrast,0,0,0,0,0
d131,floor-r0,all,contrast,286,0,286,279.11997368372977,279.11997368372977
d131,n-vs-cm,dense,contrast,286,23.553047926469716,260,277.62511588074267,277.8129344852641
d131,n-vs-cm,dense,floor,286,0,286,279.11997368372977,279.11997368372977
d131,n-vs-cm,sparse,contrast,0,0,0,0,0
d131,n-vs-cm,sparse,floor,0,0,0,0,0
d131,n-vs-cm,all,contrast,286,23.553047926469716,260,277.62511588074267,277.8129344852641
d131,n-vs-cm,all,floor,286,0,286,279.11997368372977,279.11997368372977
d131,n-vs-r0,dense,contrast,286,23.65638681271694,259,277.6004198025912,277.7534309281036
d131,n-vs-r0,dense,floor,286,0,286,279.11997368372977,279.11997368372977
d131,n-vs-r0,sparse,contrast,0,0,0,0,0
d131,n-vs-r0,sparse,floor,0,0,0,0,0
d131,n-vs-r0,all,contrast,286,23.65638681271694,259,277.6004198025912,277.7534309281036
d131,n-vs-r0,all,floor,286,0,286,279.11997368372977,279.11997368372977
d132,cm-vs-cpre,dense,contrast,517,6.923822563401121,498,510.2076095249504,510.26821564510465
d132,cm-vs-cpre,dense,floor,517,0,517,510.5281572025269,510.5281572025269
d132,cm-vs-cpre,sparse,contrast,0,0,0,0,0
d132,cm-vs-cpre,sparse,floor,0,0,0,0,0
d132,cm-vs-cpre,all,contrast,517,6.923822563401121,498,510.2076095249504,510.26821564510465
d132,cm-vs-cpre,all,floor,517,0,517,510.5281572025269,510.5281572025269
d132,cm-vs-r0,dense,contrast,517,9.47561362710576,496,510.31894495151937,510.1964579988271
d132,cm-vs-r0,dense,floor,517,0,517,510.5281572025269,510.5281572025269
d132,cm-vs-r0,sparse,contrast,0,0,0,0,0
d132,cm-vs-r0,sparse,floor,0,0,0,0,0
d132,cm-vs-r0,all,contrast,517,9.47561362710576,496,510.31894495151937,510.1964579988271
d132,cm-vs-r0,all,floor,517,0,517,510.5281572025269,510.5281572025269
d132,cpre-vs-r0,dense,contrast,517,7.65529559722497,494,510.3388182800263,510.1855679433793
d132,cpre-vs-r0,dense,floor,517,0,517,510.5281572025269,510.5281572025269
d132,cpre-vs-r0,sparse,contrast,0,0,0,0,0
d132,cpre-vs-r0,sparse,floor,0,0,0,0,0
d132,cpre-vs-r0,all,contrast,517,7.65529559722497,494,510.3388182800263,510.1855679433793
d132,cpre-vs-r0,all,floor,517,0,517,510.5281572025269,510.5281572025269
d132,floor-r0,dense,contrast,517,0,517,510.5281572025269,510.5281572025269
d132,floor-r0,sparse,contrast,0,0,0,0,0
d132,floor-r0,all,contrast,517,0,517,510.5281572025269,510.5281572025269
d132,n-vs-cm,dense,contrast,517,26.128485674806328,484,509.7521128486842,510.3518998064101
d132,n-vs-cm,dense,floor,517,0,517,510.5281572025269,510.5281572025269
d132,n-vs-cm,sparse,contrast,0,0,0,0,0
d132,n-vs-cm,sparse,floor,0,0,0,0,0
d132,n-vs-cm,all,contrast,517,26.128485674806328,484,509.7521128486842,510.3518998064101
d132,n-vs-cm,all,floor,517,0,517,510.5281572025269,510.5281572025269
d132,n-vs-r0,dense,contrast,517,27.52744428384398,495,509.759373862762,510.3591213654727
d132,n-vs-r0,dense,floor,517,0,517,510.5281572025269,510.5281572025269
d132,n-vs-r0,sparse,contrast,0,0,0,0,0
d132,n-vs-r0,sparse,floor,0,0,0,0,0
d132,n-vs-r0,all,contrast,517,27.52744428384398,495,509.759373862762,510.3591213654727
d132,n-vs-r0,all,floor,517,0,517,510.5281572025269,510.5281572025269
d133,cm-vs-cpre,dense,contrast,189,2.3131907480024227,182,182.14735387451947,182.19939984939992
d133,cm-vs-cpre,dense,floor,189,0,189,182.40471986494958,182.40471986494958
d133,cm-vs-cpre,sparse,contrast,0,0,0,0,0
d133,cm-vs-cpre,sparse,floor,0,0,0,0,0
d133,cm-vs-cpre,all,contrast,189,2.3131907480024227,182,182.14735387451947,182.19939984939992
d133,cm-vs-cpre,all,floor,189,0,189,182.40471986494958,182.40471986494958
d133,cm-vs-r0,dense,contrast,189,2.6915698403943824,181,182.14680991508067,182.1426462084055
d133,cm-vs-r0,dense,floor,189,0,189,182.40471986494958,182.40471986494958
d133,cm-vs-r0,sparse,contrast,0,0,0,0,0
d133,cm-vs-r0,sparse,floor,0,0,0,0,0
d133,cm-vs-r0,all,contrast,189,2.6915698403943824,181,182.14680991508067,182.1426462084055
d133,cm-vs-r0,all,floor,189,0,189,182.40471986494958,182.40471986494958
d133,cpre-vs-r0,dense,contrast,189,2.607718796436299,178,182.17023760266602,182.1400934997946
d133,cpre-vs-r0,dense,floor,189,0,189,182.40471986494958,182.40471986494958
d133,cpre-vs-r0,sparse,contrast,0,0,0,0,0
d133,cpre-vs-r0,sparse,floor,0,0,0,0,0
d133,cpre-vs-r0,all,contrast,189,2.607718796436299,178,182.17023760266602,182.1400934997946
d133,cpre-vs-r0,all,floor,189,0,189,182.40471986494958,182.40471986494958
d133,crossboot-r0,dense,contrast,189,0,189,182.40471986494958,182.40471986494958
d133,crossboot-r0,sparse,contrast,0,0,0,0,0
d133,crossboot-r0,all,contrast,189,0,189,182.40471986494958,182.40471986494958
d133,floor-r0,dense,contrast,189,0,189,182.40471986494958,182.40471986494958
d133,floor-r0,sparse,contrast,0,0,0,0,0
d133,floor-r0,all,contrast,189,0,189,182.40471986494958,182.40471986494958
d133,n-vs-cm,dense,contrast,189,16.96008230691418,175,181.49436810612679,182.54597944486886
d133,n-vs-cm,dense,floor,189,0,189,182.40471986494958,182.40471986494958
d133,n-vs-cm,sparse,contrast,0,0,0,0,0
d133,n-vs-cm,sparse,floor,0,0,0,0,0
d133,n-vs-cm,all,contrast,189,16.96008230691418,175,181.49436810612679,182.54597944486886
d133,n-vs-cm,all,floor,189,0,189,182.40471986494958,182.40471986494958
d133,n-vs-r0,dense,contrast,189,15.64846183490601,177,181.65459379460663,182.5834442107007
d133,n-vs-r0,dense,floor,189,0,189,182.40471986494958,182.40471986494958
d133,n-vs-r0,sparse,contrast,0,0,0,0,0
d133,n-vs-r0,sparse,floor,0,0,0,0,0
d133,n-vs-r0,all,contrast,189,15.64846183490601,177,181.65459379460663,182.5834442107007
d133,n-vs-r0,all,floor,189,0,189,182.40471986494958,182.40471986494958
d134,cm-vs-cpre,dense,contrast,197,2.336119579543621,189,190.37287132628262,190.2303246911615
d134,cm-vs-cpre,dense,floor,197,0,197,190.57060354202986,190.57060354202986
d134,cm-vs-cpre,sparse,contrast,0,0,0,0,0
d134,cm-vs-cpre,sparse,floor,0,0,0,0,0
d134,cm-vs-cpre,all,contrast,197,2.336119579543621,189,190.37287132628262,190.2303246911615
d134,cm-vs-cpre,all,floor,197,0,197,190.57060354202986,190.57060354202986
d134,cm-vs-r0,dense,contrast,197,2.7590906669412494,190,190.36475215665996,190.18900838680565
d134,cm-vs-r0,dense,floor,197,0,197,190.57060354202986,190.57060354202986
d134,cm-vs-r0,sparse,contrast,0,0,0,0,0
d134,cm-vs-r0,sparse,floor,0,0,0,0,0
d134,cm-vs-r0,all,contrast,197,2.7590906669412494,190,190.36475215665996,190.18900838680565
d134,cm-vs-r0,all,floor,197,0,197,190.57060354202986,190.57060354202986
d134,cpre-vs-r0,dense,contrast,197,2.4278548915598965,190,190.39896284788847,190.33219562657177
d134,cpre-vs-r0,dense,floor,197,0,197,190.57060354202986,190.57060354202986
d134,cpre-vs-r0,sparse,contrast,0,0,0,0,0
d134,cpre-vs-r0,sparse,floor,0,0,0,0,0
d134,cpre-vs-r0,all,contrast,197,2.4278548915598965,190,190.39896284788847,190.33219562657177
d134,cpre-vs-r0,all,floor,197,0,197,190.57060354202986,190.57060354202986
d134,floor-r0,dense,contrast,197,0,197,190.57060354202986,190.57060354202986
d134,floor-r0,sparse,contrast,0,0,0,0,0
d134,floor-r0,all,contrast,197,0,197,190.57060354202986,190.57060354202986
d134,n-vs-cm,dense,contrast,197,12.969101776229454,179,189.62524133268744,190.7679400620982
d134,n-vs-cm,dense,floor,197,0,197,190.57060354202986,190.57060354202986
d134,n-vs-cm,sparse,contrast,0,0,0,0,0
d134,n-vs-cm,sparse,floor,0,0,0,0,0
d134,n-vs-cm,all,contrast,197,12.969101776229454,179,189.62524133268744,190.7679400620982
d134,n-vs-cm,all,floor,197,0,197,190.57060354202986,190.57060354202986
d134,n-vs-r0,dense,contrast,197,11.982117912950438,180,189.85289171012118,190.75960872974247
d134,n-vs-r0,dense,floor,197,0,197,190.57060354202986,190.57060354202986
d134,n-vs-r0,sparse,contrast,0,0,0,0,0
d134,n-vs-r0,sparse,floor,0,0,0,0,0
d134,n-vs-r0,all,contrast,197,11.982117912950438,180,189.85289171012118,190.75960872974247
d134,n-vs-r0,all,floor,197,0,197,190.57060354202986,190.57060354202986
d135,cm-vs-cpre,dense,contrast,271,3.926456303129966,260,264.43540049903095,264.0872589200735
d135,cm-vs-cpre,dense,floor,271,0,271,264.7520712260157,264.7520712260157
d135,cm-vs-cpre,sparse,contrast,0,0,0,0,0
d135,cm-vs-cpre,sparse,floor,0,0,0,0,0
d135,cm-vs-cpre,all,contrast,271,3.926456303129966,260,264.43540049903095,264.0872589200735
d135,cm-vs-cpre,all,floor,271,0,271,264.7520712260157,264.7520712260157
d135,cm-vs-r0,dense,contrast,271,4.52958104159857,262,264.5871112085879,264.45282874442637
d135,cm-vs-r0,dense,floor,271,0,271,264.7520712260157,264.7520712260157
d135,cm-vs-r0,sparse,contrast,0,0,0,0,0
d135,cm-vs-r0,sparse,floor,0,0,0,0,0
d135,cm-vs-r0,all,contrast,271,4.52958104159857,262,264.5871112085879,264.45282874442637
d135,cm-vs-r0,all,floor,271,0,271,264.7520712260157,264.7520712260157
d135,cpre-vs-r0,dense,contrast,271,4.445604161518898,262,264.16329635865986,264.4518894609064
d135,cpre-vs-r0,dense,floor,271,0,271,264.7520712260157,264.7520712260157
d135,cpre-vs-r0,sparse,contrast,0,0,0,0,0
d135,cpre-vs-r0,sparse,floor,0,0,0,0,0
d135,cpre-vs-r0,all,contrast,271,4.445604161518898,262,264.16329635865986,264.4518894609064
d135,cpre-vs-r0,all,floor,271,0,271,264.7520712260157,264.7520712260157
d135,crossboot-r0,dense,contrast,271,0,271,264.7520712260157,264.7520712260157
d135,crossboot-r0,sparse,contrast,0,0,0,0,0
d135,crossboot-r0,all,contrast,271,0,271,264.7520712260157,264.7520712260157
d135,floor-r0,dense,contrast,271,0,271,264.7520712260157,264.7520712260157
d135,floor-r0,sparse,contrast,0,0,0,0,0
d135,floor-r0,all,contrast,271,0,271,264.7520712260157,264.7520712260157
d135,n-vs-cm,dense,contrast,271,19.204225011797202,253,263.7137582767755,264.65593388071284
d135,n-vs-cm,dense,floor,271,0,271,264.7520712260157,264.7520712260157
d135,n-vs-cm,sparse,contrast,0,0,0,0,0
d135,n-vs-cm,sparse,floor,0,0,0,0,0
d135,n-vs-cm,all,contrast,271,19.204225011797202,253,263.7137582767755,264.65593388071284
d135,n-vs-cm,all,floor,271,0,271,264.7520712260157,264.7520712260157
d135,n-vs-r0,dense,contrast,271,17.283349884377017,256,263.7209628690034,264.6850556372665
d135,n-vs-r0,dense,floor,271,0,271,264.7520712260157,264.7520712260157
d135,n-vs-r0,sparse,contrast,0,0,0,0,0
d135,n-vs-r0,sparse,floor,0,0,0,0,0
d135,n-vs-r0,all,contrast,271,17.283349884377017,256,263.7209628690034,264.6850556372665
d135,n-vs-r0,all,floor,271,0,271,264.7520712260157,264.7520712260157
d136,cm-vs-cpre,dense,contrast,670,11.570517206472942,634,662.1049776747823,662.2223606929183
d136,cm-vs-cpre,dense,floor,670,0,670,662.5566709972918,662.5566709972918
d136,cm-vs-cpre,sparse,contrast,0,0,0,0,0
d136,cm-vs-cpre,sparse,floor,0,0,0,0,0
d136,cm-vs-cpre,all,contrast,670,11.570517206472942,634,662.1049776747823,662.2223606929183
d136,cm-vs-cpre,all,floor,670,0,670,662.5566709972918,662.5566709972918
d136,cm-vs-r0,dense,contrast,670,11.23614320339584,635,662.2150815036148,662.2527380306274
d136,cm-vs-r0,dense,floor,670,0,670,662.5566709972918,662.5566709972918
d136,cm-vs-r0,sparse,contrast,0,0,0,0,0
d136,cm-vs-r0,sparse,floor,0,0,0,0,0
d136,cm-vs-r0,all,contrast,670,11.23614320339584,635,662.2150815036148,662.2527380306274
d136,cm-vs-r0,all,floor,670,0,670,662.5566709972918,662.5566709972918
d136,cpre-vs-r0,dense,contrast,670,11.003300010812524,639,662.1986109018326,662.1197787858546
d136,cpre-vs-r0,dense,floor,670,0,670,662.5566709972918,662.5566709972918
d136,cpre-vs-r0,sparse,contrast,0,0,0,0,0
d136,cpre-vs-r0,sparse,floor,0,0,0,0,0
d136,cpre-vs-r0,all,contrast,670,11.003300010812524,639,662.1986109018326,662.1197787858546
d136,cpre-vs-r0,all,floor,670,0,670,662.5566709972918,662.5566709972918
d136,floor-r0,dense,contrast,670,0,670,662.5566709972918,662.5566709972918
d136,floor-r0,sparse,contrast,0,0,0,0,0
d136,floor-r0,all,contrast,670,0,670,662.5566709972918,662.5566709972918
d136,n-vs-cm,dense,contrast,670,39.8821259975715,605,661.5587272513658,662.1207906790078
d136,n-vs-cm,dense,floor,670,0,670,662.5566709972918,662.5566709972918
d136,n-vs-cm,sparse,contrast,0,0,0,0,0
d136,n-vs-cm,sparse,floor,0,0,0,0,0
d136,n-vs-cm,all,contrast,670,39.8821259975715,605,661.5587272513658,662.1207906790078
d136,n-vs-cm,all,floor,670,0,670,662.5566709972918,662.5566709972918
d136,n-vs-r0,dense,contrast,670,38.72403573566577,612,661.567749525886,662.1254194509238
d136,n-vs-r0,dense,floor,670,0,670,662.5566709972918,662.5566709972918
d136,n-vs-r0,sparse,contrast,0,0,0,0,0
d136,n-vs-r0,sparse,floor,0,0,0,0,0
d136,n-vs-r0,all,contrast,670,38.72403573566577,612,661.567749525886,662.1254194509238
d136,n-vs-r0,all,floor,670,0,670,662.5566709972918,662.5566709972918
d137,cm-vs-cpre,dense,contrast,249,10.816693514585632,237,241.90705742128193,241.41516842134297
d137,cm-vs-cpre,dense,floor,249,0,249,242.24168235436082,242.24168235436082
d137,cm-vs-cpre,sparse,contrast,0,0,0,0,0
d137,cm-vs-cpre,sparse,floor,0,0,0,0,0
d137,cm-vs-cpre,all,contrast,249,10.816693514585632,237,241.90705742128193,241.41516842134297
d137,cm-vs-cpre,all,floor,249,0,249,242.24168235436082,242.24168235436082
d137,cm-vs-r0,dense,contrast,249,7.159965371616973,236,241.56456625647843,241.36475085452548
d137,cm-vs-r0,dense,floor,249,0,249,242.24168235436082,242.24168235436082
d137,cm-vs-r0,sparse,contrast,0,0,0,0,0
d137,cm-vs-r0,sparse,floor,0,0,0,0,0
d137,cm-vs-r0,all,contrast,249,7.159965371616973,236,241.56456625647843,241.36475085452548
d137,cm-vs-r0,all,floor,249,0,249,242.24168235436082,242.24168235436082
d137,cpre-vs-r0,dense,contrast,249,4.21015318299389,243,242.0172490030527,242.13366757892072
d137,cpre-vs-r0,dense,floor,249,0,249,242.24168235436082,242.24168235436082
d137,cpre-vs-r0,sparse,contrast,0,0,0,0,0
d137,cpre-vs-r0,sparse,floor,0,0,0,0,0
d137,cpre-vs-r0,all,contrast,249,4.21015318299389,243,242.0172490030527,242.13366757892072
d137,cpre-vs-r0,all,floor,249,0,249,242.24168235436082,242.24168235436082
d137,floor-r0,dense,contrast,249,0,249,242.24168235436082,242.24168235436082
d137,floor-r0,sparse,contrast,0,0,0,0,0
d137,floor-r0,all,contrast,249,0,249,242.24168235436082,242.24168235436082
d137,n-vs-cm,dense,contrast,249,15.262413603988977,230,240.89831918370328,241.63579117227346
d137,n-vs-cm,dense,floor,249,0,249,242.24168235436082,242.24168235436082
d137,n-vs-cm,sparse,contrast,0,0,0,0,0
d137,n-vs-cm,sparse,floor,0,0,0,0,0
d137,n-vs-cm,all,contrast,249,15.262413603988977,230,240.89831918370328,241.63579117227346
d137,n-vs-cm,all,floor,249,0,249,242.24168235436082,242.24168235436082
d137,n-vs-r0,dense,contrast,249,14.151056151605346,230,241.61192496307194,242.33274186216295
d137,n-vs-r0,dense,floor,249,0,249,242.24168235436082,242.24168235436082
d137,n-vs-r0,sparse,contrast,0,0,0,0,0
d137,n-vs-r0,sparse,floor,0,0,0,0,0
d137,n-vs-r0,all,contrast,249,14.151056151605346,230,241.61192496307194,242.33274186216295
d137,n-vs-r0,all,floor,249,0,249,242.24168235436082,242.24168235436082
d138,cm-vs-cpre,dense,contrast,30,0.3443524300997178,27,23.751539461314678,23.891282938420773
d138,cm-vs-cpre,dense,floor,30,0,30,23.99899946898222,23.99899946898222
d138,cm-vs-cpre,sparse,contrast,0,0,0,0,0
d138,cm-vs-cpre,sparse,floor,0,0,0,0,0
d138,cm-vs-cpre,all,contrast,30,0.3443524300997178,27,23.751539461314678,23.891282938420773
d138,cm-vs-cpre,all,floor,30,0,30,23.99899946898222,23.99899946898222
d138,cm-vs-r0,dense,contrast,30,0.4822938857886921,27,23.906339218840003,23.885526154190302
d138,cm-vs-r0,dense,floor,30,0,30,23.99899946898222,23.99899946898222
d138,cm-vs-r0,sparse,contrast,0,0,0,0,0
d138,cm-vs-r0,sparse,floor,0,0,0,0,0
d138,cm-vs-r0,all,contrast,30,0.4822938857886921,27,23.906339218840003,23.885526154190302
d138,cm-vs-r0,all,floor,30,0,30,23.99899946898222,23.99899946898222
d138,cpre-vs-r0,dense,contrast,30,0.46417357592849307,28,23.92781364917755,23.764709658920765
d138,cpre-vs-r0,dense,floor,30,0,30,23.99899946898222,23.99899946898222
d138,cpre-vs-r0,sparse,contrast,0,0,0,0,0
d138,cpre-vs-r0,sparse,floor,0,0,0,0,0
d138,cpre-vs-r0,all,contrast,30,0.46417357592849307,28,23.92781364917755,23.764709658920765
d138,cpre-vs-r0,all,floor,30,0,30,23.99899946898222,23.99899946898222
d138,crossboot-r0,dense,contrast,30,0,30,23.99899946898222,23.99899946898222
d138,crossboot-r0,sparse,contrast,0,0,0,0,0
d138,crossboot-r0,all,contrast,30,0,30,23.99899946898222,23.99899946898222
d138,floor-r0,dense,contrast,30,0,30,23.99899946898222,23.99899946898222
d138,floor-r0,sparse,contrast,0,0,0,0,0
d138,floor-r0,all,contrast,30,0,30,23.99899946898222,23.99899946898222
d138,n-vs-cm,dense,contrast,30,4.329060807196849,25,23.702963963150978,23.793845078442246
d138,n-vs-cm,dense,floor,30,0,30,23.99899946898222,23.99899946898222
d138,n-vs-cm,sparse,contrast,0,0,0,0,0
d138,n-vs-cm,sparse,floor,0,0,0,0,0
d138,n-vs-cm,all,contrast,30,4.329060807196849,25,23.702963963150978,23.793845078442246
d138,n-vs-cm,all,floor,30,0,30,23.99899946898222,23.99899946898222
d138,n-vs-r0,dense,contrast,30,4.633083981833161,25,23.739605023991317,23.833031145390123
d138,n-vs-r0,dense,floor,30,0,30,23.99899946898222,23.99899946898222
d138,n-vs-r0,sparse,contrast,0,0,0,0,0
d138,n-vs-r0,sparse,floor,0,0,0,0,0
d138,n-vs-r0,all,contrast,30,4.633083981833161,25,23.739605023991317,23.833031145390123
d138,n-vs-r0,all,floor,30,0,30,23.99899946898222,23.99899946898222
d139,cm-vs-cpre,dense,contrast,183,3.5514689650879565,174,176.05192430503666,175.85183251462877
d139,cm-vs-cpre,dense,floor,183,0,183,176.35101418755949,176.35101418755949
d139,cm-vs-cpre,sparse,contrast,0,0,0,0,0
d139,cm-vs-cpre,sparse,floor,0,0,0,0,0
d139,cm-vs-cpre,all,contrast,183,3.5514689650879565,174,176.05192430503666,175.85183251462877
d139,cm-vs-cpre,all,floor,183,0,183,176.35101418755949,176.35101418755949
d139,cm-vs-r0,dense,contrast,183,3.9003486346519542,173,175.9258180204779,176.26148928701878
d139,cm-vs-r0,dense,floor,183,0,183,176.35101418755949,176.35101418755949
d139,cm-vs-r0,sparse,contrast,0,0,0,0,0
d139,cm-vs-r0,sparse,floor,0,0,0,0,0
d139,cm-vs-r0,all,contrast,183,3.9003486346519542,173,175.9258180204779,176.26148928701878
d139,cm-vs-r0,all,floor,183,0,183,176.35101418755949,176.35101418755949
d139,cpre-vs-r0,dense,contrast,183,4.014488210596678,171,175.88344620354474,176.02028245665133
d139,cpre-vs-r0,dense,floor,183,0,183,176.35101418755949,176.35101418755949
d139,cpre-vs-r0,sparse,contrast,0,0,0,0,0
d139,cpre-vs-r0,sparse,floor,0,0,0,0,0
d139,cpre-vs-r0,all,contrast,183,4.014488210596678,171,175.88344620354474,176.02028245665133
d139,cpre-vs-r0,all,floor,183,0,183,176.35101418755949,176.35101418755949
d139,floor-r0,dense,contrast,183,0,183,176.35101418755949,176.35101418755949
d139,floor-r0,sparse,contrast,0,0,0,0,0
d139,floor-r0,all,contrast,183,0,183,176.35101418755949,176.35101418755949
d139,n-vs-cm,dense,contrast,183,14.38109023169177,167,175.04654576117173,175.6018130374141
d139,n-vs-cm,dense,floor,183,0,183,176.35101418755949,176.35101418755949
d139,n-vs-cm,sparse,contrast,0,0,0,0,0
d139,n-vs-cm,sparse,floor,0,0,0,0,0
d139,n-vs-cm,all,contrast,183,14.38109023169177,167,175.04654576117173,175.6018130374141
d139,n-vs-cm,all,floor,183,0,183,176.35101418755949,176.35101418755949
d139,n-vs-r0,dense,contrast,183,11.801533149112847,164,174.80970038380474,175.5779980435036
d139,n-vs-r0,dense,floor,183,0,183,176.35101418755949,176.35101418755949
d139,n-vs-r0,sparse,contrast,0,0,0,0,0
d139,n-vs-r0,sparse,floor,0,0,0,0,0
d139,n-vs-r0,all,contrast,183,11.801533149112847,164,174.80970038380474,175.5779980435036
d139,n-vs-r0,all,floor,183,0,183,176.35101418755949,176.35101418755949
d140,cm-vs-cpre,dense,contrast,1133,13.089120476355415,1074,1116.7041249740869,1116.6573252845556
d140,cm-vs-cpre,dense,floor,1133,0,1133,1118.0037841964513,1118.0037841964513
d140,cm-vs-cpre,sparse,contrast,0,0,0,0,0
d140,cm-vs-cpre,sparse,floor,0,0,0,0,0
d140,cm-vs-cpre,all,contrast,1133,13.089120476355415,1074,1116.7041249740869,1116.6573252845556
d140,cm-vs-cpre,all,floor,1133,0,1133,1118.0037841964513,1118.0037841964513
d140,cm-vs-r0,dense,contrast,1133,11.959676689841363,1086,1117.0203731134534,1116.7654172312468
d140,cm-vs-r0,dense,floor,1133,0,1133,1118.0037841964513,1118.0037841964513
d140,cm-vs-r0,sparse,contrast,0,0,0,0,0
d140,cm-vs-r0,sparse,floor,0,0,0,0,0
d140,cm-vs-r0,all,contrast,1133,11.959676689841363,1086,1117.0203731134534,1116.7654172312468
d140,cm-vs-r0,all,floor,1133,0,1133,1118.0037841964513,1118.0037841964513
d140,cpre-vs-r0,dense,contrast,1133,11.697767528253221,1084,1116.8987226691097,1116.7384689431638
d140,cpre-vs-r0,dense,floor,1133,0,1133,1118.0037841964513,1118.0037841964513
d140,cpre-vs-r0,sparse,contrast,0,0,0,0,0
d140,cpre-vs-r0,sparse,floor,0,0,0,0,0
d140,cpre-vs-r0,all,contrast,1133,11.697767528253221,1084,1116.8987226691097,1116.7384689431638
d140,cpre-vs-r0,all,floor,1133,0,1133,1118.0037841964513,1118.0037841964513
d140,floor-r0,dense,contrast,1133,0,1133,1118.0037841964513,1118.0037841964513
d140,floor-r0,sparse,contrast,0,0,0,0,0
d140,floor-r0,all,contrast,1133,0,1133,1118.0037841964513,1118.0037841964513
d140,n-vs-cm,dense,contrast,1133,46.786406642295454,1047,1114.5789624573663,1114.9210963933729
d140,n-vs-cm,dense,floor,1133,0,1133,1118.0037841964513,1118.0037841964513
d140,n-vs-cm,sparse,contrast,0,0,0,0,0
d140,n-vs-cm,sparse,floor,0,0,0,0,0
d140,n-vs-cm,all,contrast,1133,46.786406642295454,1047,1114.5789624573663,1114.9210963933729
d140,n-vs-cm,all,floor,1133,0,1133,1118.0037841964513,1118.0037841964513
d140,n-vs-r0,dense,contrast,1133,46.14713148082797,1031,1115.0892846887,1114.834941375535
d140,n-vs-r0,dense,floor,1133,0,1133,1118.0037841964513,1118.0037841964513
d140,n-vs-r0,sparse,contrast,0,0,0,0,0
d140,n-vs-r0,sparse,floor,0,0,0,0,0
d140,n-vs-r0,all,contrast,1133,46.14713148082797,1031,1115.0892846887,1114.834941375535
d140,n-vs-r0,all,floor,1133,0,1133,1118.0037841964513,1118.0037841964513
d141,cm-vs-cpre,dense,contrast,134,8.644842802819893,123,124.65989276580513,125.28030101396143
d141,cm-vs-cpre,dense,floor,134,0,134,126.96501082740724,126.96501082740724
d141,cm-vs-cpre,sparse,contrast,0,0,0,0,0
d141,cm-vs-cpre,sparse,floor,0,0,0,0,0
d141,cm-vs-cpre,all,contrast,134,8.644842802819893,123,124.65989276580513,125.28030101396143
d141,cm-vs-cpre,all,floor,134,0,134,126.96501082740724,126.96501082740724
d141,cm-vs-r0,dense,contrast,134,14.431887463736922,121,123.83660807437263,125.85455511510372
d141,cm-vs-r0,dense,floor,134,0,134,126.96501082740724,126.96501082740724
d141,cm-vs-r0,sparse,contrast,0,0,0,0,0
d141,cm-vs-r0,sparse,floor,0,0,0,0,0
d141,cm-vs-r0,all,contrast,134,14.431887463736922,121,123.83660807437263,125.85455511510372
d141,cm-vs-r0,all,floor,134,0,134,126.96501082740724,126.96501082740724
d141,cpre-vs-r0,dense,contrast,134,17.800805449892117,118,124.91629785485566,125.80761393345892
d141,cpre-vs-r0,dense,floor,134,0,134,126.96501082740724,126.96501082740724
d141,cpre-vs-r0,sparse,contrast,0,0,0,0,0
d141,cpre-vs-r0,sparse,floor,0,0,0,0,0
d141,cpre-vs-r0,all,contrast,134,17.800805449892117,118,124.91629785485566,125.80761393345892
d141,cpre-vs-r0,all,floor,134,0,134,126.96501082740724,126.96501082740724
d141,floor-r0,dense,contrast,134,0,134,126.96501082740724,126.96501082740724
d141,floor-r0,sparse,contrast,0,0,0,0,0
d141,floor-r0,all,contrast,134,0,134,126.96501082740724,126.96501082740724
d141,n-vs-cm,dense,contrast,134,18.026092328978233,114,123.8035823511891,124.23231795578613
d141,n-vs-cm,dense,floor,134,0,134,126.96501082740724,126.96501082740724
d141,n-vs-cm,sparse,contrast,0,0,0,0,0
d141,n-vs-cm,sparse,floor,0,0,0,0,0
d141,n-vs-cm,all,contrast,134,18.026092328978233,114,123.8035823511891,124.23231795578613
d141,n-vs-cm,all,floor,134,0,134,126.96501082740724,126.96501082740724
d141,n-vs-r0,dense,contrast,134,24.552320203064788,114,123.68123505916446,125.24892278201878
d141,n-vs-r0,dense,floor,134,0,134,126.96501082740724,126.96501082740724
d141,n-vs-r0,sparse,contrast,0,0,0,0,0
d141,n-vs-r0,sparse,floor,0,0,0,0,0
d141,n-vs-r0,all,contrast,134,24.552320203064788,114,123.68123505916446,125.24892278201878
d141,n-vs-r0,all,floor,134,0,134,126.96501082740724,126.96501082740724
d142,cm-vs-cpre,dense,contrast,226,1.5394895048941935,223,219.99016539938748,219.8593095894903
d142,cm-vs-cpre,dense,floor,226,0,226,220.0466449894011,220.0466449894011
d142,cm-vs-cpre,sparse,contrast,0,0,0,0,0
d142,cm-vs-cpre,sparse,floor,0,0,0,0,0
d142,cm-vs-cpre,all,contrast,226,1.5394895048941935,223,219.99016539938748,219.8593095894903
d142,cm-vs-cpre,all,floor,226,0,226,220.0466449894011,220.0466449894011
d142,cm-vs-r0,dense,contrast,226,2.1408486142813676,221,219.86429138667881,219.8212799001485
d142,cm-vs-r0,dense,floor,226,0,226,220.0466449894011,220.0466449894011
d142,cm-vs-r0,sparse,contrast,0,0,0,0,0
d142,cm-vs-r0,sparse,floor,0,0,0,0,0
d142,cm-vs-r0,all,contrast,226,2.1408486142813676,221,219.86429138667881,219.8212799001485
d142,cm-vs-r0,all,floor,226,0,226,220.0466449894011,220.0466449894011
d142,cpre-vs-r0,dense,contrast,226,1.4320900915600339,221,219.88292376697063,219.97456993721426
d142,cpre-vs-r0,dense,floor,226,0,226,220.0466449894011,220.0466449894011
d142,cpre-vs-r0,sparse,contrast,0,0,0,0,0
d142,cpre-vs-r0,sparse,floor,0,0,0,0,0
d142,cpre-vs-r0,all,contrast,226,1.4320900915600339,221,219.88292376697063,219.97456993721426
d142,cpre-vs-r0,all,floor,226,0,226,220.0466449894011,220.0466449894011
d142,floor-r0,dense,contrast,226,0,226,220.0466449894011,220.0466449894011
d142,floor-r0,sparse,contrast,0,0,0,0,0
d142,floor-r0,all,contrast,226,0,226,220.0466449894011,220.0466449894011
d142,n-vs-cm,dense,contrast,226,9.311181481027779,217,219.4467260474339,219.80521393194795
d142,n-vs-cm,dense,floor,226,0,226,220.0466449894011,220.0466449894011
d142,n-vs-cm,sparse,contrast,0,0,0,0,0
d142,n-vs-cm,sparse,floor,0,0,0,0,0
d142,n-vs-cm,all,contrast,226,9.311181481027779,217,219.4467260474339,219.80521393194795
d142,n-vs-cm,all,floor,226,0,226,220.0466449894011,220.0466449894011
d142,n-vs-r0,dense,contrast,226,8.59650149406783,218,219.5554748941213,219.8805720936507
d142,n-vs-r0,dense,floor,226,0,226,220.0466449894011,220.0466449894011
d142,n-vs-r0,sparse,contrast,0,0,0,0,0
d142,n-vs-r0,sparse,floor,0,0,0,0,0
d142,n-vs-r0,all,contrast,226,8.59650149406783,218,219.5554748941213,219.8805720936507
d142,n-vs-r0,all,floor,226,0,226,220.0466449894011,220.0466449894011
d143,cm-vs-cpre,dense,contrast,126,3.297021545114458,119,120.09863166511059,120.09416310302913
d143,cm-vs-cpre,dense,floor,126,0,126,120.27534069120884,120.27534069120884
d143,cm-vs-cpre,sparse,contrast,0,0,0,0,0
d143,cm-vs-cpre,sparse,floor,0,0,0,0,0
d143,cm-vs-cpre,all,contrast,126,3.297021545114458,119,120.09863166511059,120.09416310302913
d143,cm-vs-cpre,all,floor,126,0,126,120.27534069120884,120.27534069120884
d143,cm-vs-r0,dense,contrast,126,2.423207992227807,119,120.15183101594448,120.0846043471247
d143,cm-vs-r0,dense,floor,126,0,126,120.27534069120884,120.27534069120884
d143,cm-vs-r0,sparse,contrast,0,0,0,0,0
d143,cm-vs-r0,sparse,floor,0,0,0,0,0
d143,cm-vs-r0,all,contrast,126,2.423207992227807,119,120.15183101594448,120.0846043471247
d143,cm-vs-r0,all,floor,126,0,126,120.27534069120884,120.27534069120884
d143,cpre-vs-r0,dense,contrast,126,1.8862179231620166,119,120.16893793083727,120.12028275430202
d143,cpre-vs-r0,dense,floor,126,0,126,120.27534069120884,120.27534069120884
d143,cpre-vs-r0,sparse,contrast,0,0,0,0,0
d143,cpre-vs-r0,sparse,floor,0,0,0,0,0
d143,cpre-vs-r0,all,contrast,126,1.8862179231620166,119,120.16893793083727,120.12028275430202
d143,cpre-vs-r0,all,floor,126,0,126,120.27534069120884,120.27534069120884
d143,floor-r0,dense,contrast,126,0,126,120.27534069120884,120.27534069120884
d143,floor-r0,sparse,contrast,0,0,0,0,0
d143,floor-r0,all,contrast,126,0,126,120.27534069120884,120.27534069120884
d143,n-vs-cm,dense,contrast,126,10.216766081383513,115,119.63921313267201,120.10946228541434
d143,n-vs-cm,dense,floor,126,0,126,120.27534069120884,120.27534069120884
d143,n-vs-cm,sparse,contrast,0,0,0,0,0
d143,n-vs-cm,sparse,floor,0,0,0,0,0
d143,n-vs-cm,all,contrast,126,10.216766081383513,115,119.63921313267201,120.10946228541434
d143,n-vs-cm,all,floor,126,0,126,120.27534069120884,120.27534069120884
d143,n-vs-r0,dense,contrast,126,10.027807368044128,116,119.81828062236309,120.1895348019898
d143,n-vs-r0,dense,floor,126,0,126,120.27534069120884,120.27534069120884
d143,n-vs-r0,sparse,contrast,0,0,0,0,0
d143,n-vs-r0,sparse,floor,0,0,0,0,0
d143,n-vs-r0,all,contrast,126,10.027807368044128,116,119.81828062236309,120.1895348019898
d143,n-vs-r0,all,floor,126,0,126,120.27534069120884,120.27534069120884
d144,cm-vs-cpre,dense,contrast,202,1.6222643657624463,194,195.9749761093408,195.81341586075723
d144,cm-vs-cpre,dense,floor,202,0,202,195.99753284826875,195.99753284826875
d144,cm-vs-cpre,sparse,contrast,0,0,0,0,0
d144,cm-vs-cpre,sparse,floor,0,0,0,0,0
d144,cm-vs-cpre,all,contrast,202,1.6222643657624463,194,195.9749761093408,195.81341586075723
d144,cm-vs-cpre,all,floor,202,0,202,195.99753284826875,195.99753284826875
d144,cm-vs-r0,dense,contrast,202,1.656255157072263,196,195.87783433683217,195.8109098840505
d144,cm-vs-r0,dense,floor,202,0,202,195.99753284826875,195.99753284826875
d144,cm-vs-r0,sparse,contrast,0,0,0,0,0
d144,cm-vs-r0,sparse,floor,0,0,0,0,0
d144,cm-vs-r0,all,contrast,202,1.656255157072263,196,195.87783433683217,195.8109098840505
d144,cm-vs-r0,all,floor,202,0,202,195.99753284826875,195.99753284826875
d144,cpre-vs-r0,dense,contrast,202,1.4173262001462248,197,195.83282206952572,195.9281740989536
d144,cpre-vs-r0,dense,floor,202,0,202,195.99753284826875,195.99753284826875
d144,cpre-vs-r0,sparse,contrast,0,0,0,0,0
d144,cpre-vs-r0,sparse,floor,0,0,0,0,0
d144,cpre-vs-r0,all,contrast,202,1.4173262001462248,197,195.83282206952572,195.9281740989536
d144,cpre-vs-r0,all,floor,202,0,202,195.99753284826875,195.99753284826875
d144,floor-r0,dense,contrast,202,0,202,195.99753284826875,195.99753284826875
d144,floor-r0,sparse,contrast,0,0,0,0,0
d144,floor-r0,all,contrast,202,0,202,195.99753284826875,195.99753284826875
d144,n-vs-cm,dense,contrast,202,9.362842140825762,186,195.48720421735197,196.21851467713714
d144,n-vs-cm,dense,floor,202,0,202,195.99753284826875,195.99753284826875
d144,n-vs-cm,sparse,contrast,0,0,0,0,0
d144,n-vs-cm,sparse,floor,0,0,0,0,0
d144,n-vs-cm,all,contrast,202,9.362842140825762,186,195.48720421735197,196.21851467713714
d144,n-vs-cm,all,floor,202,0,202,195.99753284826875,195.99753284826875
d144,n-vs-r0,dense,contrast,202,8.169002391337093,187,195.52090408094227,196.2130306167528
d144,n-vs-r0,dense,floor,202,0,202,195.99753284826875,195.99753284826875
d144,n-vs-r0,sparse,contrast,0,0,0,0,0
d144,n-vs-r0,sparse,floor,0,0,0,0,0
d144,n-vs-r0,all,contrast,202,8.169002391337093,187,195.52090408094227,196.2130306167528
d144,n-vs-r0,all,floor,202,0,202,195.99753284826875,195.99753284826875
d145,cm-vs-cpre,dense,contrast,244,3.1391306144429514,236,236.97383459098637,237.1179901715368
d145,cm-vs-cpre,dense,floor,244,0,244,237.35858998075128,237.35858998075128
d145,cm-vs-cpre,sparse,contrast,0,0,0,0,0
d145,cm-vs-cpre,sparse,floor,0,0,0,0,0
d145,cm-vs-cpre,all,contrast,244,3.1391306144429514,236,236.97383459098637,237.1179901715368
d145,cm-vs-cpre,all,floor,244,0,244,237.35858998075128,237.35858998075128
d145,cm-vs-r0,dense,contrast,244,2.64042323118935,237,237.16970038600266,237.11120243556798
d145,cm-vs-r0,dense,floor,244,0,244,237.35858998075128,237.35858998075128
d145,cm-vs-r0,sparse,contrast,0,0,0,0,0
d145,cm-vs-r0,sparse,floor,0,0,0,0,0
d145,cm-vs-r0,all,contrast,244,2.64042323118935,237,237.16970038600266,237.11120243556798
d145,cm-vs-r0,all,floor,244,0,244,237.35858998075128,237.35858998075128
d145,cpre-vs-r0,dense,contrast,244,3.075239527910208,238,237.21406492590904,237.01877394877374
d145,cpre-vs-r0,dense,floor,244,0,244,237.35858998075128,237.35858998075128
d145,cpre-vs-r0,sparse,contrast,0,0,0,0,0
d145,cpre-vs-r0,sparse,floor,0,0,0,0,0
d145,cpre-vs-r0,all,contrast,244,3.075239527910208,238,237.21406492590904,237.01877394877374
d145,cpre-vs-r0,all,floor,244,0,244,237.35858998075128,237.35858998075128
d145,crossboot-r0,dense,contrast,244,0,244,237.35858998075128,237.35858998075128
d145,crossboot-r0,sparse,contrast,0,0,0,0,0
d145,crossboot-r0,all,contrast,244,0,244,237.35858998075128,237.35858998075128
d145,floor-r0,dense,contrast,244,0,244,237.35858998075128,237.35858998075128
d145,floor-r0,sparse,contrast,0,0,0,0,0
d145,floor-r0,all,contrast,244,0,244,237.35858998075128,237.35858998075128
d145,n-vs-cm,dense,contrast,244,13.270337203560045,230,236.7484074914828,237.18844916066155
d145,n-vs-cm,dense,floor,244,0,244,237.35858998075128,237.35858998075128
d145,n-vs-cm,sparse,contrast,0,0,0,0,0
d145,n-vs-cm,sparse,floor,0,0,0,0,0
d145,n-vs-cm,all,contrast,244,13.270337203560045,230,236.7484074914828,237.18844916066155
d145,n-vs-cm,all,floor,244,0,244,237.35858998075128,237.35858998075128
d145,n-vs-r0,dense,contrast,244,12.355228267048886,228,236.82369455881417,237.12147727282718
d145,n-vs-r0,dense,floor,244,0,244,237.35858998075128,237.35858998075128
d145,n-vs-r0,sparse,contrast,0,0,0,0,0
d145,n-vs-r0,sparse,floor,0,0,0,0,0
d145,n-vs-r0,all,contrast,244,12.355228267048886,228,236.82369455881417,237.12147727282718
d145,n-vs-r0,all,floor,244,0,244,237.35858998075128,237.35858998075128
d146,cm-vs-cpre,dense,contrast,174,3.6135258012685285,162,167.57576407678425,167.61343332193792
d146,cm-vs-cpre,dense,floor,174,0,174,167.8483042474836,167.8483042474836
d146,cm-vs-cpre,sparse,contrast,0,0,0,0,0
d146,cm-vs-cpre,sparse,floor,0,0,0,0,0
d146,cm-vs-cpre,all,contrast,174,3.6135258012685285,162,167.57576407678425,167.61343332193792
d146,cm-vs-cpre,all,floor,174,0,174,167.8483042474836,167.8483042474836
d146,cm-vs-r0,dense,contrast,174,3.124821786912458,160,167.64368344284594,167.6795559078455
d146,cm-vs-r0,dense,floor,174,0,174,167.8483042474836,167.8483042474836
d146,cm-vs-r0,sparse,contrast,0,0,0,0,0
d146,cm-vs-r0,sparse,floor,0,0,0,0,0
d146,cm-vs-r0,all,contrast,174,3.124821786912458,160,167.64368344284594,167.6795559078455
d146,cm-vs-r0,all,floor,174,0,174,167.8483042474836,167.8483042474836
d146,cpre-vs-r0,dense,contrast,174,3.3099677307667994,162,167.6109606642276,167.67770948447287
d146,cpre-vs-r0,dense,floor,174,0,174,167.8483042474836,167.8483042474836
d146,cpre-vs-r0,sparse,contrast,0,0,0,0,0
d146,cpre-vs-r0,sparse,floor,0,0,0,0,0
d146,cpre-vs-r0,all,contrast,174,3.3099677307667994,162,167.6109606642276,167.67770948447287
d146,cpre-vs-r0,all,floor,174,0,174,167.8483042474836,167.8483042474836
d146,floor-r0,dense,contrast,174,0,174,167.8483042474836,167.8483042474836
d146,floor-r0,sparse,contrast,0,0,0,0,0
d146,floor-r0,all,contrast,174,0,174,167.8483042474836,167.8483042474836
d146,n-vs-cm,dense,contrast,174,14.660100667716927,151,167.47360345721245,168.00627337954938
d146,n-vs-cm,dense,floor,174,0,174,167.8483042474836,167.8483042474836
d146,n-vs-cm,sparse,contrast,0,0,0,0,0
d146,n-vs-cm,sparse,floor,0,0,0,0,0
d146,n-vs-cm,all,contrast,174,14.660100667716927,151,167.47360345721245,168.00627337954938
d146,n-vs-cm,all,floor,174,0,174,167.8483042474836,167.8483042474836
d146,n-vs-r0,dense,contrast,174,13.078290871083324,151,167.34546387102455,167.91358597576618
d146,n-vs-r0,dense,floor,174,0,174,167.8483042474836,167.8483042474836
d146,n-vs-r0,sparse,contrast,0,0,0,0,0
d146,n-vs-r0,sparse,floor,0,0,0,0,0
d146,n-vs-r0,all,contrast,174,13.078290871083324,151,167.34546387102455,167.91358597576618
d146,n-vs-r0,all,floor,174,0,174,167.8483042474836,167.8483042474836
d147,cm-vs-cpre,dense,contrast,77,5.621423776425861,65,71.25557435676455,71.20744362659752
d147,cm-vs-cpre,dense,floor,77,0,77,71.35241784155369,71.35241784155369
d147,cm-vs-cpre,sparse,contrast,0,0,0,0,0
d147,cm-vs-cpre,sparse,floor,0,0,0,0,0
d147,cm-vs-cpre,all,contrast,77,5.621423776425861,65,71.25557435676455,71.20744362659752
d147,cm-vs-cpre,all,floor,77,0,77,71.35241784155369,71.35241784155369
d147,cm-vs-r0,dense,contrast,77,6.803265776746479,65,70.98121701739728,71.04847300425172
d147,cm-vs-r0,dense,floor,77,0,77,71.35241784155369,71.35241784155369
d147,cm-vs-r0,sparse,contrast,0,0,0,0,0
d147,cm-vs-r0,sparse,floor,0,0,0,0,0
d147,cm-vs-r0,all,contrast,77,6.803265776746479,65,70.98121701739728,71.04847300425172
d147,cm-vs-r0,all,floor,77,0,77,71.35241784155369,71.35241784155369
d147,cpre-vs-r0,dense,contrast,77,6.340521989918742,64,70.99162505939603,71.12370108626783
d147,cpre-vs-r0,dense,floor,77,0,77,71.35241784155369,71.35241784155369
d147,cpre-vs-r0,sparse,contrast,0,0,0,0,0
d147,cpre-vs-r0,sparse,floor,0,0,0,0,0
d147,cpre-vs-r0,all,contrast,77,6.340521989918742,64,70.99162505939603,71.12370108626783
d147,cpre-vs-r0,all,floor,77,0,77,71.35241784155369,71.35241784155369
d147,floor-r0,dense,contrast,77,0,77,71.35241784155369,71.35241784155369
d147,floor-r0,sparse,contrast,0,0,0,0,0
d147,floor-r0,all,contrast,77,0,77,71.35241784155369,71.35241784155369
d147,n-vs-cm,dense,contrast,77,16.588242154390844,59,70.13041240349412,70.95695200003684
d147,n-vs-cm,dense,floor,77,0,77,71.35241784155369,71.35241784155369
d147,n-vs-cm,sparse,contrast,0,0,0,0,0
d147,n-vs-cm,sparse,floor,0,0,0,0,0
d147,n-vs-cm,all,contrast,77,16.588242154390844,59,70.13041240349412,70.95695200003684
d147,n-vs-cm,all,floor,77,0,77,71.35241784155369,71.35241784155369
d147,n-vs-r0,dense,contrast,77,17.675145657761092,59,69.89024885906838,70.51464614644647
d147,n-vs-r0,dense,floor,77,0,77,71.35241784155369,71.35241784155369
d147,n-vs-r0,sparse,contrast,0,0,0,0,0
d147,n-vs-r0,sparse,floor,0,0,0,0,0
d147,n-vs-r0,all,contrast,77,17.675145657761092,59,69.89024885906838,70.51464614644647
d147,n-vs-r0,all,floor,77,0,77,71.35241784155369,71.35241784155369
d148,cm-vs-cpre,dense,contrast,83,2.0512928349196184,79,76.80908222869039,76.77555924840271
d148,cm-vs-cpre,dense,floor,83,0,83,76.85495308227837,76.85495308227837
d148,cm-vs-cpre,sparse,contrast,0,0,0,0,0
d148,cm-vs-cpre,sparse,floor,0,0,0,0,0
d148,cm-vs-cpre,all,contrast,83,2.0512928349196184,79,76.80908222869039,76.77555924840271
d148,cm-vs-cpre,all,floor,83,0,83,76.85495308227837,76.85495308227837
d148,cm-vs-r0,dense,contrast,83,2.6306000450242504,79,76.55888031236827,76.71697983145714
d148,cm-vs-r0,dense,floor,83,0,83,76.85495308227837,76.85495308227837
d148,cm-vs-r0,sparse,contrast,0,0,0,0,0
d148,cm-vs-r0,sparse,floor,0,0,0,0,0
d148,cm-vs-r0,all,contrast,83,2.6306000450242504,79,76.55888031236827,76.71697983145714
d148,cm-vs-r0,all,floor,83,0,83,76.85495308227837,76.85495308227837
d148,cpre-vs-r0,dense,contrast,83,3.122328272621609,78,76.61464726552367,76.7539813760668
d148,cpre-vs-r0,dense,floor,83,0,83,76.85495308227837,76.85495308227837
d148,cpre-vs-r0,sparse,contrast,0,0,0,0,0
d148,cpre-vs-r0,sparse,floor,0,0,0,0,0
d148,cpre-vs-r0,all,contrast,83,3.122328272621609,78,76.61464726552367,76.7539813760668
d148,cpre-vs-r0,all,floor,83,0,83,76.85495308227837,76.85495308227837
d148,crossboot-r0,dense,contrast,83,0,83,76.85495308227837,76.85495308227837
d148,crossboot-r0,sparse,contrast,0,0,0,0,0
d148,crossboot-r0,all,contrast,83,0,83,76.85495308227837,76.85495308227837
d148,floor-r0,dense,contrast,83,0,83,76.85495308227837,76.85495308227837
d148,floor-r0,sparse,contrast,0,0,0,0,0
d148,floor-r0,all,contrast,83,0,83,76.85495308227837,76.85495308227837
d148,n-vs-cm,dense,contrast,83,10.648209526395624,68,76.4223973355256,76.60467097209767
d148,n-vs-cm,dense,floor,83,0,83,76.85495308227837,76.85495308227837
d148,n-vs-cm,sparse,contrast,0,0,0,0,0
d148,n-vs-cm,sparse,floor,0,0,0,0,0
d148,n-vs-cm,all,contrast,83,10.648209526395624,68,76.4223973355256,76.60467097209767
d148,n-vs-cm,all,floor,83,0,83,76.85495308227837,76.85495308227837
d148,n-vs-r0,dense,contrast,83,10.520768614306768,69,76.23806553147733,76.2852762346156
d148,n-vs-r0,dense,floor,83,0,83,76.85495308227837,76.85495308227837
d148,n-vs-r0,sparse,contrast,0,0,0,0,0
d148,n-vs-r0,sparse,floor,0,0,0,0,0
d148,n-vs-r0,all,contrast,83,10.520768614306768,69,76.23806553147733,76.2852762346156
d148,n-vs-r0,all,floor,83,0,83,76.85495308227837,76.85495308227837
d149,cm-vs-cpre,dense,contrast,84,3.705246727868969,75,78.02846345677972,78.25766316242516
d149,cm-vs-cpre,dense,floor,84,0,84,78.41363002546132,78.41363002546132
d149,cm-vs-cpre,sparse,contrast,0,0,0,0,0
d149,cm-vs-cpre,sparse,floor,0,0,0,0,0
d149,cm-vs-cpre,all,contrast,84,3.705246727868969,75,78.02846345677972,78.25766316242516
d149,cm-vs-cpre,all,floor,84,0,84,78.41363002546132,78.41363002546132
d149,cm-vs-r0,dense,contrast,84,3.876445045839417,74,78.29635946266353,78.29976086318493
d149,cm-vs-r0,dense,floor,84,0,84,78.41363002546132,78.41363002546132
d149,cm-vs-r0,sparse,contrast,0,0,0,0,0
d149,cm-vs-r0,sparse,floor,0,0,0,0,0
d149,cm-vs-r0,all,contrast,84,3.876445045839417,74,78.29635946266353,78.29976086318493
d149,cm-vs-r0,all,floor,84,0,84,78.41363002546132,78.41363002546132
d149,cpre-vs-r0,dense,contrast,84,6.187538628850089,73,78.24091347679496,77.99870123900473
d149,cpre-vs-r0,dense,floor,84,0,84,78.41363002546132,78.41363002546132
d149,cpre-vs-r0,sparse,contrast,0,0,0,0,0
d149,cpre-vs-r0,sparse,floor,0,0,0,0,0
d149,cpre-vs-r0,all,contrast,84,6.187538628850089,73,78.24091347679496,77.99870123900473
d149,cpre-vs-r0,all,floor,84,0,84,78.41363002546132,78.41363002546132
d149,floor-r0,dense,contrast,84,0,84,78.41363002546132,78.41363002546132
d149,floor-r0,sparse,contrast,0,0,0,0,0
d149,floor-r0,all,contrast,84,0,84,78.41363002546132,78.41363002546132
d149,n-vs-cm,dense,contrast,84,17.25158442001355,68,78.02241111313924,77.70985365612432
d149,n-vs-cm,dense,floor,84,0,84,78.41363002546132,78.41363002546132
d149,n-vs-cm,sparse,contrast,0,0,0,0,0
d149,n-vs-cm,sparse,floor,0,0,0,0,0
d149,n-vs-cm,all,contrast,84,17.25158442001355,68,78.02241111313924,77.70985365612432
d149,n-vs-cm,all,floor,84,0,84,78.41363002546132,78.41363002546132
d149,n-vs-r0,dense,contrast,84,16.592518644847974,67,78.02285428903997,78.25519656902179
d149,n-vs-r0,dense,floor,84,0,84,78.41363002546132,78.41363002546132
d149,n-vs-r0,sparse,contrast,0,0,0,0,0
d149,n-vs-r0,sparse,floor,0,0,0,0,0
d149,n-vs-r0,all,contrast,84,16.592518644847974,67,78.02285428903997,78.25519656902179
d149,n-vs-r0,all,floor,84,0,84,78.41363002546132,78.41363002546132
d150,cm-vs-cpre,dense,contrast,348,5.520209722088102,339,342.4911548346281,342.53597316518426
d150,cm-vs-cpre,dense,floor,348,0,348,342.5771830715239,342.5771830715239
d150,cm-vs-cpre,sparse,contrast,0,0,0,0,0
d150,cm-vs-cpre,sparse,floor,0,0,0,0,0
d150,cm-vs-cpre,all,contrast,348,5.520209722088102,339,342.4911548346281,342.53597316518426
d150,cm-vs-cpre,all,floor,348,0,348,342.5771830715239,342.5771830715239
d150,cm-vs-r0,dense,contrast,348,3.937901052989893,340,342.4256641101092,342.590660283342
d150,cm-vs-r0,dense,floor,348,0,348,342.5771830715239,342.5771830715239
d150,cm-vs-r0,sparse,contrast,0,0,0,0,0
d150,cm-vs-r0,sparse,floor,0,0,0,0,0
d150,cm-vs-r0,all,contrast,348,3.937901052989893,340,342.4256641101092,342.590660283342
d150,cm-vs-r0,all,floor,348,0,348,342.5771830715239,342.5771830715239
d150,cpre-vs-r0,dense,contrast,348,4.846666792459381,340,342.3769067823887,342.4883379377425
d150,cpre-vs-r0,dense,floor,348,0,348,342.5771830715239,342.5771830715239
d150,cpre-vs-r0,sparse,contrast,0,0,0,0,0
d150,cpre-vs-r0,sparse,floor,0,0,0,0,0
d150,cpre-vs-r0,all,contrast,348,4.846666792459381,340,342.3769067823887,342.4883379377425
d150,cpre-vs-r0,all,floor,348,0,348,342.5771830715239,342.5771830715239
d150,floor-r0,dense,contrast,348,0,348,342.5771830715239,342.5771830715239
d150,floor-r0,sparse,contrast,0,0,0,0,0
d150,floor-r0,all,contrast,348,0,348,342.5771830715239,342.5771830715239
d150,n-vs-cm,dense,contrast,348,21.114961343993784,325,341.8062585007865,342.0188780152239
d150,n-vs-cm,dense,floor,348,0,348,342.5771830715239,342.5771830715239
d150,n-vs-cm,sparse,contrast,0,0,0,0,0
d150,n-vs-cm,sparse,floor,0,0,0,0,0
d150,n-vs-cm,all,contrast,348,21.114961343993784,325,341.8062585007865,342.0188780152239
d150,n-vs-cm,all,floor,348,0,348,342.5771830715239,342.5771830715239
d150,n-vs-r0,dense,contrast,348,20.612383643906835,326,341.68571006087586,342.41995867621154
d150,n-vs-r0,dense,floor,348,0,348,342.5771830715239,342.5771830715239
d150,n-vs-r0,sparse,contrast,0,0,0,0,0
d150,n-vs-r0,sparse,floor,0,0,0,0,0
d150,n-vs-r0,all,contrast,348,20.612383643906835,326,341.68571006087586,342.41995867621154
d150,n-vs-r0,all,floor,348,0,348,342.5771830715239,342.5771830715239
n001,cm-vs-cpre,dense,contrast,2048,94.96562976777338,1854,2010.176663050428,2009.1499138325453
n001,cm-vs-cpre,dense,floor,2048,0,2048,2014.4636346939951,2014.4636346939951
n001,cm-vs-cpre,sparse,contrast,6217,195.84046839055497,5742,6159.999533653259,6159.5300451517105
n001,cm-vs-cpre,sparse,floor,6217,185.96929078825656,5786,6160.575441777706,6162.34774440527
n001,cm-vs-cpre,all,contrast,8265,290.806098158328,7596,8170.176196703687,8168.679958984256
n001,cm-vs-cpre,all,floor,8265,185.96929078825656,7834,8175.039076471701,8176.811379099265
n001,cm-vs-r0,dense,contrast,2048,99.38316217932439,1848,2009.6281135287136,2009.2754252757877
n001,cm-vs-r0,dense,floor,2048,0,2048,2014.4636346939951,2014.4636346939951
n001,cm-vs-r0,sparse,contrast,6217,216.3228881951987,5740,6160.050800204277,6159.600378274918
n001,cm-vs-r0,sparse,floor,6217,185.96929078825656,5786,6160.575441777706,6162.34774440527
n001,cm-vs-r0,all,contrast,8265,315.7060503745225,7588,8169.678913732991,8168.875803550705
n001,cm-vs-r0,all,floor,8265,185.96929078825656,7834,8175.039076471701,8176.811379099265
n001,cpre-vs-r0,dense,contrast,2048,106.14583035578275,1853,2009.330776778981,2009.90953685157
n001,cpre-vs-r0,dense,floor,2048,0,2048,2014.4636346939951,2014.4636346939951
n001,cpre-vs-r0,sparse,contrast,6217,204.97006612981258,5754,6159.558089852333,6159.6406057477
n001,cpre-vs-r0,sparse,floor,6217,185.96929078825656,5786,6160.575441777706,6162.34774440527
n001,cpre-vs-r0,all,contrast,8265,311.1158964855957,7607,8168.888866631314,8169.55014259927
n001,cpre-vs-r0,all,floor,8265,185.96929078825656,7834,8175.039076471701,8176.811379099265
n001,floor-r0,dense,contrast,2048,0,2048,2014.4636346939951,2014.4636346939951
n001,floor-r0,sparse,contrast,6217,185.96929078825656,5786,6160.575441777706,6162.34774440527
n001,floor-r0,all,contrast,8265,185.96929078825656,7834,8175.039076471701,8176.811379099265
n001,n-vs-cm,dense,contrast,2048,265.7936305644524,1719,2002.4792880387977,2000.3006883771159
n001,n-vs-cm,dense,floor,2048,0,2048,2014.4636346939951,2014.4636346939951
n001,n-vs-cm,sparse,contrast,6217,632.1330248381424,5420,6149.736056029797,6141.119702875614
n001,n-vs-cm,sparse,floor,6217,185.96929078825656,5786,6160.575441777706,6162.34774440527
n001,n-vs-cm,all,contrast,8265,897.9266554025977,7139,8152.215344068594,8141.42039125273
n001,n-vs-cm,all,floor,8265,185.96929078825656,7834,8175.039076471701,8176.811379099265
n001,n-vs-r0,dense,contrast,2048,268.76311825344794,1717,2002.6892326846719,2000.8031425415538
n001,n-vs-r0,dense,floor,2048,0,2048,2014.4636346939951,2014.4636346939951
n001,n-vs-r0,sparse,contrast,6217,656.1684830602826,5415,6149.293474256992,6140.419018626213
n001,n-vs-r0,sparse,floor,6217,185.96929078825656,5786,6160.575441777706,6162.34774440527
n001,n-vs-r0,all,contrast,8265,924.9316013137284,7132,8151.982706941664,8141.222161167767
n001,n-vs-r0,all,floor,8265,185.96929078825656,7834,8175.039076471701,8176.811379099265
n002,cm-vs-cpre,dense,contrast,2048,38.68117978570959,1947,2035.8876028154045,2035.4473534673452
n002,cm-vs-cpre,dense,floor,2048,0,2048,2037.3117054942995,2037.3117054942995
n002,cm-vs-cpre,sparse,contrast,3178,42.99401998390999,3090,3175.13450551033,3174.9590582847595
n002,cm-vs-cpre,sparse,floor,3178,38.12337040175118,3100,3175.074373304844,3175.013859272003
n002,cm-vs-cpre,all,contrast,5226,81.67519976961948,5037,5211.022108325735,5210.406411752105
n002,cm-vs-cpre,all,floor,5226,38.12337040175118,5148,5212.386078799143,5212.325564766303
n002,cm-vs-r0,dense,contrast,2048,44.890698650787705,1947,2036.1509106364101,2035.4362909700722
n002,cm-vs-r0,dense,floor,2048,0,2048,2037.3117054942995,2037.3117054942995
n002,cm-vs-r0,sparse,contrast,3178,47.22762542220222,3091,3174.9136341810226,3174.9070877432823
n002,cm-vs-r0,sparse,floor,3178,38.12337040175118,3100,3175.074373304844,3175.013859272003
n002,cm-vs-r0,all,contrast,5226,92.11832407299002,5038,5211.064544817433,5210.3433787133545
n002,cm-vs-r0,all,floor,5226,38.12337040175118,5148,5212.386078799143,5212.325564766303
n002,cpre-vs-r0,dense,contrast,2048,43.230743906605525,1939,2036.1495462637395,2035.9004963766783
n002,cpre-vs-r0,dense,floor,2048,0,2048,2037.3117054942995,2037.3117054942995
n002,cpre-vs-r0,sparse,contrast,3178,48.25276353112875,3089,3174.912303328514,3175.075048863888
n002,cpre-vs-r0,sparse,floor,3178,38.12337040175118,3100,3175.074373304844,3175.013859272003
n002,cpre-vs-r0,all,contrast,5226,91.48350743773449,5028,5211.061849592254,5210.975545240566
n002,cpre-vs-r0,all,floor,5226,38.12337040175118,5148,5212.386078799143,5212.325564766303
n002,crossboot-r0,dense,contrast,2048,0,2048,2037.3117054942995,2037.3117054942995
n002,crossboot-r0,sparse,contrast,3178,36.24687281991338,3091,3175.0399377942085,3175.081920862198
n002,crossboot-r0,all,contrast,5226,36.24687281991338,5139,5212.351643288508,5212.393626356497
n002,floor-r0,dense,contrast,2048,0,2048,2037.3117054942995,2037.3117054942995
n002,floor-r0,sparse,contrast,3178,38.12337040175118,3100,3175.074373304844,3175.013859272003
n002,floor-r0,all,contrast,5226,38.12337040175118,5148,5212.386078799143,5212.325564766303
n002,n-vs-cm,dense,contrast,2048,120.9745376039997,1874,2033.6893716426566,2033.1580420322716
n002,n-vs-cm,dense,floor,2048,0,2048,2037.3117054942995,2037.3117054942995
n002,n-vs-cm,sparse,contrast,3178,147.7669108476712,3008,3174.287953734398,3173.3623299598694
n002,n-vs-cm,sparse,floor,3178,38.12337040175118,3100,3175.074373304844,3175.013859272003
n002,n-vs-cm,all,contrast,5226,268.74144845167115,4882,5207.9773253770545,5206.520371992141
n002,n-vs-cm,all,floor,5226,38.12337040175118,5148,5212.386078799143,5212.325564766303
n002,n-vs-r0,dense,contrast,2048,122.11693014076494,1878,2034.8744378462434,2033.2302680527791
n002,n-vs-r0,dense,floor,2048,0,2048,2037.3117054942995,2037.3117054942995
n002,n-vs-r0,sparse,contrast,3178,147.7384358784143,3014,3174.2513650655746,3173.3615806102753
n002,n-vs-r0,sparse,floor,3178,38.12337040175118,3100,3175.074373304844,3175.013859272003
n002,n-vs-r0,all,contrast,5226,269.85536601917994,4892,5209.125802911818,5206.591848663054
n002,n-vs-r0,all,floor,5226,38.12337040175118,5148,5212.386078799143,5212.325564766303
n003,cm-vs-cpre,dense,contrast,2048,41.03547983242094,1961,2037.6441232655197,2038.1456903517246
n003,cm-vs-cpre,dense,floor,2048,0,2048,2038.6542974803597,2038.6542974803597
n003,cm-vs-cpre,sparse,contrast,6204,128.48629353027792,5903,6186.524560570717,6187.241555392742
n003,cm-vs-cpre,sparse,floor,6204,117.4438718099157,5934,6187.390524864197,6187.160613894463
n003,cm-vs-cpre,all,contrast,8252,169.52177336269833,7864,8224.168683836237,8225.387245744467
n003,cm-vs-cpre,all,floor,8252,117.4438718099157,7982,8226.044822344556,8225.814911374822
n003,cm-vs-r0,dense,contrast,2048,37.37369696968196,1968,2037.8507082965225,2038.2218480911106
n003,cm-vs-r0,dense,floor,2048,0,2048,2038.6542974803597,2038.6542974803597
n003,cm-vs-r0,sparse,contrast,6204,133.28715105306708,5893,6187.171945750713,6187.156937241554
n003,cm-vs-r0,sparse,floor,6204,117.4438718099157,5934,6187.390524864197,6187.160613894463
n003,cm-vs-r0,all,contrast,8252,170.6608480227487,7861,8225.022654047236,8225.378785332665
n003,cm-vs-r0,all,floor,8252,117.4438718099157,7982,8226.044822344556,8225.814911374822
n003,cpre-vs-r0,dense,contrast,2048,39.16966009817396,1958,2037.5725757908076,2037.6563350688666
n003,cpre-vs-r0,dense,floor,2048,0,2048,2038.6542974803597,2038.6542974803597
n003,cpre-vs-r0,sparse,contrast,6204,132.08651781189172,5910,6187.284988641739,6186.603548049927
n003,cpre-vs-r0,sparse,floor,6204,117.4438718099157,5934,6187.390524864197,6187.160613894463
n003,cpre-vs-r0,all,contrast,8252,171.2561779100661,7868,8224.857564432546,8224.259883118793
n003,cpre-vs-r0,all,floor,8252,117.4438718099157,7982,8226.044822344556,8225.814911374822
n003,floor-r0,dense,contrast,2048,0,2048,2038.6542974803597,2038.6542974803597
n003,floor-r0,sparse,contrast,6204,117.4438718099157,5934,6187.390524864197,6187.160613894463
n003,floor-r0,all,contrast,8252,117.4438718099157,7982,8226.044822344556,8225.814911374822
n003,n-vs-cm,dense,contrast,2048,118.58000622461931,1917,2036.5343687059358,2036.6312279398553
n003,n-vs-cm,dense,floor,2048,0,2048,2038.6542974803597,2038.6542974803597
n003,n-vs-cm,sparse,contrast,6204,376.6632793535647,5676,6183.705287396908,6180.009087741375
n003,n-vs-cm,sparse,floor,6204,117.4438718099157,5934,6187.390524864197,6187.160613894463
n003,n-vs-cm,all,contrast,8252,495.24328557818285,7593,8220.239656102844,8216.64031568123
n003,n-vs-cm,all,floor,8252,117.4438718099157,7982,8226.044822344556,8225.814911374822
n003,n-vs-r0,dense,contrast,2048,115.60076225121183,1921,2035.8580294325948,2036.6733427369036
n003,n-vs-r0,dense,floor,2048,0,2048,2038.6542974803597,2038.6542974803597
n003,n-vs-r0,sparse,contrast,6204,370.42179086117227,5665,6183.652524828911,6179.89999383688
n003,n-vs-r0,sparse,floor,6204,117.4438718099157,5934,6187.390524864197,6187.160613894463
n003,n-vs-r0,all,contrast,8252,486.0225531123831,7586,8219.510554261506,8216.573336573783
n003,n-vs-r0,all,floor,8252,117.4438718099157,7982,8226.044822344556,8225.814911374822
n004,cm-vs-cpre,dense,contrast,2048,60.918553302532146,1885,2028.684760639444,2027.8423419222236
n004,cm-vs-cpre,dense,floor,2048,0,2048,2030.8236510697752,2030.8236510697752
n004,cm-vs-cpre,sparse,contrast,1321,25.109943869218984,1250,1314.1035598516464,1314.21758633852
n004,cm-vs-cpre,sparse,floor,1321,17.09016938995741,1263,1314.1684125065804,1314.031803905964
n004,cm-vs-cpre,all,contrast,3369,86.02849717175104,3135,3342.7883204910904,3342.0599282607436
n004,cm-vs-cpre,all,floor,3369,17.09016938995741,3311,3344.9920635763556,3344.855454975739
n004,cm-vs-r0,dense,contrast,2048,58.49694806631582,1919,2028.798783292994,2028.9946104791015
n004,cm-vs-r0,dense,floor,2048,0,2048,2030.8236510697752,2030.8236510697752
n004,cm-vs-r0,sparse,contrast,1321,24.584167062053712,1248,1313.8814564347267,1314.0826585292816
n004,cm-vs-r0,sparse,floor,1321,17.09016938995741,1263,1314.1684125065804,1314.031803905964
n004,cm-vs-r0,all,contrast,3369,83.08111512836966,3167,3342.6802397277206,3343.077269008383
n004,cm-vs-r0,all,floor,3369,17.09016938995741,3311,3344.9920635763556,3344.855454975739
n004,cpre-vs-r0,dense,contrast,2048,61.74309111909381,1905,2027.743185615167,2029.014080060646
n004,cpre-vs-r0,dense,floor,2048,0,2048,2030.8236510697752,2030.8236510697752
n004,cpre-vs-r0,sparse,contrast,1321,22.918770059159918,1251,1314.065951526165,1314.1135877370834
n004,cpre-vs-r0,sparse,floor,1321,17.09016938995741,1263,1314.1684125065804,1314.031803905964
n004,cpre-vs-r0,all,contrast,3369,84.6618611782538,3156,3341.809137141332,3343.1276677977294
n004,cpre-vs-r0,all,floor,3369,17.09016938995741,3311,3344.9920635763556,3344.855454975739
n004,floor-r0,dense,contrast,2048,0,2048,2030.8236510697752,2030.8236510697752
n004,floor-r0,sparse,contrast,1321,17.09016938995741,1263,1314.1684125065804,1314.031803905964
n004,floor-r0,all,contrast,3369,17.09016938995741,3311,3344.9920635763556,3344.855454975739
n004,n-vs-cm,dense,contrast,2048,183.713633537732,1785,2026.1399177676067,2023.5472035310231
n004,n-vs-cm,dense,floor,2048,0,2048,2030.8236510697752,2030.8236510697752
n004,n-vs-cm,sparse,contrast,1321,82.15842477566599,1222,1313.2079980373383,1312.4155030846596
n004,n-vs-cm,sparse,floor,1321,17.09016938995741,1263,1314.1684125065804,1314.031803905964
n004,n-vs-cm,all,contrast,3369,265.8720583133978,3007,3339.347915804945,3335.9627066156827
n004,n-vs-cm,all,floor,3369,17.09016938995741,3311,3344.9920635763556,3344.855454975739
n004,n-vs-r0,dense,contrast,2048,177.2736441385688,1777,2025.9114465322345,2024.0680785276927
n004,n-vs-r0,dense,floor,2048,0,2048,2030.8236510697752,2030.8236510697752
n004,n-vs-r0,sparse,contrast,1321,83.25584913523808,1216,1313.0303384065628,1312.8202167749405
n004,n-vs-r0,sparse,floor,1321,17.09016938995741,1263,1314.1684125065804,1314.031803905964
n004,n-vs-r0,all,contrast,3369,260.5294932738066,2993,3338.9417849387974,3336.888295302633
n004,n-vs-r0,all,floor,3369,17.09016938995741,3311,3344.9920635763556,3344.855454975739
n005,cm-vs-cpre,dense,contrast,2048,35.41493619655186,1965,2035.1774068865925,2035.12137080729
n005,cm-vs-cpre,dense,floor,2048,0,2048,2036.2619368378073,2036.2619368378073
n005,cm-vs-cpre,sparse,contrast,1654,29.7172687164484,1606,1650.2722062468529,1650.052712738514
n005,cm-vs-cpre,sparse,floor,1654,24.373353041721657,1605,1650.2867057919502,1650.1088285446167
n005,cm-vs-cpre,all,contrast,3702,65.13220491300042,3571,3685.4496131334454,3685.174083545804
n005,cm-vs-cpre,all,floor,3702,24.373353041721657,3653,3686.5486426297575,3686.370765382424
n005,cm-vs-r0,dense,contrast,2048,36.315814824184194,1957,2035.2292606439441,2035.3874973263592
n005,cm-vs-r0,dense,floor,2048,0,2048,2036.2619368378073,2036.2619368378073
n005,cm-vs-r0,sparse,contrast,1654,32.85778655657147,1601,1650.2156187295914,1649.9582530856133
n005,cm-vs-r0,sparse,floor,1654,24.373353041721657,1605,1650.2867057919502,1650.1088285446167
n005,cm-vs-r0,all,contrast,3702,69.1736013807556,3558,3685.4448793735355,3685.3457504119724
n005,cm-vs-r0,all,floor,3702,24.373353041721657,3653,3686.5486426297575,3686.370765382424
n005,cpre-vs-r0,dense,contrast,2048,32.72423699914492,1968,2035.225220290944,2035.3444661032408
n005,cpre-vs-r0,dense,floor,2048,0,2048,2036.2619368378073,2036.2619368378073
n005,cpre-vs-r0,sparse,contrast,1654,25.384716118148802,1610,1650.231865644455,1650.2295306921005
n005,cpre-vs-r0,sparse,floor,1654,24.373353041721657,1605,1650.2867057919502,1650.1088285446167
n005,cpre-vs-r0,all,contrast,3702,58.10895311729384,3578,3685.457085935399,3685.5739967953414
n005,cpre-vs-r0,all,floor,3702,24.373353041721657,3653,3686.5486426297575,3686.370765382424
n005,floor-r0,dense,contrast,2048,0,2048,2036.2619368378073,2036.2619368378073
n005,floor-r0,sparse,contrast,1654,24.373353041721657,1605,1650.2867057919502,1650.1088285446167
n005,floor-r0,all,contrast,3702,24.373353041721657,3653,3686.5486426297575,3686.370765382424
n005,n-vs-cm,dense,contrast,2048,128.5508703217923,1888,2033.5578688653186,2034.4027979974635
n005,n-vs-cm,dense,floor,2048,0,2048,2036.2619368378073,2036.2619368378073
n005,n-vs-cm,sparse,contrast,1654,88.91582961578699,1556,1649.15625166893,1648.7768951654434
n005,n-vs-cm,sparse,floor,1654,24.373353041721657,1605,1650.2867057919502,1650.1088285446167
n005,n-vs-cm,all,contrast,3702,217.46669993757956,3444,3682.7141205342487,3683.179693162907
n005,n-vs-cm,all,floor,3702,24.373353041721657,3653,3686.5486426297575,3686.370765382424
n005,n-vs-r0,dense,contrast,2048,121.45760089198438,1891,2033.385008879006,2034.571991476696
n005,n-vs-r0,dense,floor,2048,0,2048,2036.2619368378073,2036.2619368378073
n005,n-vs-r0,sparse,contrast,1654,94.0679073956695,1549,1649.3902325034142,1648.792167544365
n005,n-vs-r0,sparse,floor,1654,24.373353041721657,1605,1650.2867057919502,1650.1088285446167
n005,n-vs-r0,all,contrast,3702,215.52550828765402,3440,3682.77524138242,3683.364159021061
n005,n-vs-r0,all,floor,3702,24.373353041721657,3653,3686.5486426297575,3686.370765382424
n006,cm-vs-cpre,dense,contrast,2048,48.082207172638114,1910,2029.038762608543,2028.7939407974482
n006,cm-vs-cpre,dense,floor,2048,0,2048,2030.6922803167254,2030.6922803167254
n006,cm-vs-cpre,sparse,contrast,12,0.185287718162511,10,11.962852239608765,11.96184653043747
n006,cm-vs-cpre,sparse,floor,12,0.09698978247465706,11,11.962636053562164,11.965130984783173
n006,cm-vs-cpre,all,contrast,2060,48.26749489080062,1920,2041.0016148481518,2040.7557873278856
n006,cm-vs-cpre,all,floor,2060,0.09698978247465706,2059,2042.6549163702875,2042.6574113015085
n006,cm-vs-r0,dense,contrast,2048,46.44263168223741,1914,2029.2081455495209,2028.7150901313871
n006,cm-vs-r0,dense,floor,2048,0,2048,2030.6922803167254,2030.6922803167254
n006,cm-vs-r0,sparse,contrast,12,0.23507976464825764,11,11.962479412555695,11.960871934890747
n006,cm-vs-r0,sparse,floor,12,0.09698978247465706,11,11.962636053562164,11.965130984783173
n006,cm-vs-r0,all,contrast,2060,46.677711446885674,1925,2041.1706249620765,2040.6759620662779
n006,cm-vs-r0,all,floor,2060,0.09698978247465706,2059,2042.6549163702875,2042.6574113015085
n006,cpre-vs-r0,dense,contrast,2048,45.41037040092395,1924,2029.1101765912026,2029.0522623490542
n006,cpre-vs-r0,dense,floor,2048,0,2048,2030.6922803167254,2030.6922803167254
n006,cpre-vs-r0,sparse,contrast,12,0.19859004772607278,11,11.962408900260925,11.961495578289032
n006,cpre-vs-r0,sparse,floor,12,0.09698978247465706,11,11.962636053562164,11.965130984783173
n006,cpre-vs-r0,all,contrast,2060,45.60896044865002,1935,2041.0725854914635,2041.0137579273432
n006,cpre-vs-r0,all,floor,2060,0.09698978247465706,2059,2042.6549163702875,2042.6574113015085
n006,floor-r0,dense,contrast,2048,0,2048,2030.6922803167254,2030.6922803167254
n006,floor-r0,sparse,contrast,12,0.09698978247465706,11,11.962636053562164,11.965130984783173
n006,floor-r0,all,contrast,2060,0.09698978247465706,2059,2042.6549163702875,2042.6574113015085
n006,n-vs-cm,dense,contrast,2048,167.0314643458558,1825,2026.4382618637756,2025.417485405691
n006,n-vs-cm,dense,floor,2048,0,2048,2030.6922803167254,2030.6922803167254
n006,n-vs-cm,sparse,contrast,12,1.0498755478126964,10,11.955221235752106,11.93730217218399
n006,n-vs-cm,sparse,floor,12,0.09698978247465706,11,11.962636053562164,11.965130984783173
n006,n-vs-cm,all,contrast,2060,168.08133989366848,1835,2038.3934830995277,2037.354787577875
n006,n-vs-cm,all,floor,2060,0.09698978247465706,2059,2042.6549163702875,2042.6574113015085
n006,n-vs-r0,dense,contrast,2048,170.8358953471259,1827,2026.9257583245635,2025.548990366049
n006,n-vs-r0,dense,floor,2048,0,2048,2030.6922803167254,2030.6922803167254
n006,n-vs-r0,sparse,contrast,12,1.126732592350417,9,11.957367718219757,11.939427733421326
n006,n-vs-r0,sparse,floor,12,0.09698978247465706,11,11.962636053562164,11.965130984783173
n006,n-vs-r0,all,contrast,2060,171.96262793947628,1836,2038.8831260427833,2037.4884180994704
n006,n-vs-r0,all,floor,2060,0.09698978247465706,2059,2042.6549163702875,2042.6574113015085
n007,cm-vs-cpre,dense,contrast,2048,55.327054996083675,1925,2029.0844916198403,2029.1813800483942
n007,cm-vs-cpre,dense,floor,2048,0,2048,2030.8203451875597,2030.8203451875597
n007,cm-vs-cpre,sparse,contrast,6200,126.12427237267502,5877,6168.675137937069,6168.56631821394
n007,cm-vs-cpre,sparse,floor,6200,106.13392334861011,5885,6169.193151593208,6169.474023342133
n007,cm-vs-cpre,all,contrast,8248,181.45132736875755,7802,8197.75962955691,8197.747698262334
n007,cm-vs-cpre,all,floor,8248,106.13392334861011,7933,8200.013496780768,8200.294368529692
n007,cm-vs-r0,dense,contrast,2048,52.8094968002913,1913,2028.6653825547546,2029.2292008008808
n007,cm-vs-r0,dense,floor,2048,0,2048,2030.8203451875597,2030.8203451875597
n007,cm-vs-r0,sparse,contrast,6200,122.91798040688457,5866,6168.709622859955,6168.6799203157425
n007,cm-vs-r0,sparse,floor,6200,106.13392334861011,5885,6169.193151593208,6169.474023342133
n007,cm-vs-r0,all,contrast,8248,175.72747720717493,7779,8197.37500541471,8197.909121116623
n007,cm-vs-r0,all,floor,8248,106.13392334861011,7933,8200.013496780768,8200.294368529692
n007,cpre-vs-r0,dense,contrast,2048,52.11389228219745,1928,2028.538431076333,2028.9925896357745
n007,cpre-vs-r0,dense,floor,2048,0,2048,2030.8203451875597,2030.8203451875597
n007,cpre-vs-r0,sparse,contrast,6200,122.44233795151588,5855,6168.88379997015,6168.843051254749
n007,cpre-vs-r0,sparse,floor,6200,106.13392334861011,5885,6169.193151593208,6169.474023342133
n007,cpre-vs-r0,all,contrast,8248,174.5562302337133,7783,8197.422231046483,8197.835640890524
n007,cpre-vs-r0,all,floor,8248,106.13392334861011,7933,8200.013496780768,8200.294368529692
n007,floor-r0,dense,contrast,2048,0,2048,2030.8203451875597,2030.8203451875597
n007,floor-r0,sparse,contrast,6200,106.13392334861011,5885,6169.193151593208,6169.474023342133
n007,floor-r0,all,contrast,8248,106.13392334861011,7933,8200.013496780768,8200.294368529692
n007,n-vs-cm,dense,contrast,2048,147.97971613895075,1817,2026.7666793977842,2024.599863593001
n007,n-vs-cm,dense,floor,2048,0,2048,2030.8203451875597,2030.8203451875597
n007,n-vs-cm,sparse,contrast,6200,366.53327020800873,5654,6163.412096619606,6158.253841519356
n007,n-vs-cm,sparse,floor,6200,106.13392334861011,5885,6169.193151593208,6169.474023342133
n007,n-vs-cm,all,contrast,8248,514.512986346959,7471,8190.17877601739,8182.853705112357
n007,n-vs-cm,all,floor,8248,106.13392334861011,7933,8200.013496780768,8200.294368529692
n007,n-vs-r0,dense,contrast,2048,152.1917881313069,1816,2026.433434670791,2024.9385113506578
n007,n-vs-r0,dense,floor,2048,0,2048,2030.8203451875597,2030.8203451875597
n007,n-vs-r0,sparse,contrast,6200,352.7101355097841,5660,6163.785641551018,6158.715481042862
n007,n-vs-r0,sparse,floor,6200,106.13392334861011,5885,6169.193151593208,6169.474023342133
n007,n-vs-r0,all,contrast,8248,504.90192364109043,7476,8190.219076221809,8183.65399239352
n007,n-vs-r0,all,floor,8248,106.13392334861011,7933,8200.013496780768,8200.294368529692
n008,cm-vs-cpre,dense,contrast,2048,50.85275309324809,1920,2027.4873598311096,2027.0321484655142
n008,cm-vs-cpre,dense,floor,2048,0,2048,2028.9915475491434,2028.9915475491434
n008,cm-vs-cpre,sparse,contrast,1358,29.683601309898467,1284,1352.6778339147568,1352.6950793862343
n008,cm-vs-cpre,sparse,floor,1358,21.698202108050424,1293,1352.622356057167,1352.6212317943573
n008,cm-vs-cpre,all,contrast,3406,80.53635440314659,3204,3380.1651937458664,3379.7272278517485
n008,cm-vs-cpre,all,floor,3406,21.698202108050424,3341,3381.6139036063105,3381.6127793435007
n008,cm-vs-r0,dense,contrast,2048,53.201413027221065,1924,2026.9958069529384,2027.122440269217
n008,cm-vs-r0,dense,floor,2048,0,2048,2028.9915475491434,2028.9915475491434
n008,cm-vs-r0,sparse,contrast,1358,26.643790451290304,1296,1352.610302567482,1352.8755712509155
n008,cm-vs-r0,sparse,floor,1358,21.698202108050424,1293,1352.622356057167,1352.6212317943573
n008,cm-vs-r0,all,contrast,3406,79.8452034785111,3220,3379.6061095204204,3379.9980115201324
n008,cm-vs-r0,all,floor,3406,21.698202108050424,3341,3381.6139036063105,3381.6127793435007
n008,cpre-vs-r0,dense,contrast,2048,53.184525468557865,1922,2026.921442328021,2027.491309536621
n008,cpre-vs-r0,dense,floor,2048,0,2048,2028.9915475491434,2028.9915475491434
n008,cpre-vs-r0,sparse,contrast,1358,29.126388657261433,1283,1352.4099107980728,1352.6879556775093
n008,cpre-vs-r0,sparse,floor,1358,21.698202108050424,1293,1352.622356057167,1352.6212317943573
n008,cpre-vs-r0,all,contrast,3406,82.31091412581935,3205,3379.3313531260937,3380.1792652141303
n008,cpre-vs-r0,all,floor,3406,21.698202108050424,3341,3381.6139036063105,3381.6127793435007
n008,floor-r0,dense,contrast,2048,0,2048,2028.9915475491434,2028.9915475491434
n008,floor-r0,sparse,contrast,1358,21.698202108050424,1293,1352.622356057167,1352.6212317943573
n008,floor-r0,all,contrast,3406,21.698202108050424,3341,3381.6139036063105,3381.6127793435007
n008,n-vs-cm,dense,contrast,2048,193.6408412074672,1807,2023.4968009805307,2023.1008520764299
n008,n-vs-cm,dense,floor,2048,0,2048,2028.9915475491434,2028.9915475491434
n008,n-vs-cm,sparse,contrast,1358,104.84971689201434,1217,1351.29892039299,1350.3931474089622
n008,n-vs-cm,sparse,floor,1358,21.698202108050424,1293,1352.622356057167,1352.6212317943573
n008,n-vs-cm,all,contrast,3406,298.4905580994814,3024,3374.795721373521,3373.493999485392
n008,n-vs-cm,all,floor,3406,21.698202108050424,3341,3381.6139036063105,3381.6127793435007
n008,n-vs-r0,dense,contrast,2048,185.22894500306856,1821,2023.1905126031488,2023.454371073749
n008,n-vs-r0,dense,floor,2048,0,2048,2028.9915475491434,2028.9915475491434
n008,n-vs-r0,sparse,contrast,1358,100.59715091138926,1222,1350.6980541348457,1350.5382756590843
n008,n-vs-r0,sparse,floor,1358,21.698202108050424,1293,1352.622356057167,1352.6212317943573
n008,n-vs-r0,all,contrast,3406,285.8260959144583,3043,3373.8885667379946,3373.9926467328332
n008,n-vs-r0,all,floor,3406,21.698202108050424,3341,3381.6139036063105,3381.6127793435007
n009,cm-vs-cpre,dense,contrast,2048,39.410446500681466,1964,2037.0857606325299,2036.8540015667677
n009,cm-vs-cpre,dense,floor,2048,0,2048,2037.898069376126,2037.898069376126
n009,cm-vs-cpre,sparse,contrast,5001,139.25822552047794,4703,4973.816702544689,4974.240038514137
n009,cm-vs-cpre,sparse,floor,5001,115.0292843051027,4744,4975.5580033659935,4975.224664151669
n009,cm-vs-cpre,all,contrast,7049,178.66867202116003,6667,7010.902463177219,7011.094040080905
n009,cm-vs-cpre,all,floor,7049,115.0292843051027,6792,7013.456072742119,7013.1227335277945
n009,cm-vs-r0,dense,contrast,2048,35.625903771603745,1969,2037.1675683762878,2036.8021210040897
n009,cm-vs-r0,dense,floor,2048,0,2048,2037.898069376126,2037.898069376126
n009,cm-vs-r0,sparse,contrast,5001,133.6227616262464,4708,4974.842987596989,4974.503265380859
n009,cm-vs-r0,sparse,floor,5001,115.0292843051027,4744,4975.5580033659935,4975.224664151669
n009,cm-vs-r0,all,contrast,7049,169.24866539784972,6677,7012.0105559732765,7011.305386384949
n009,cm-vs-r0,all,floor,7049,115.0292843051027,6792,7013.456072742119,7013.1227335277945
n009,cpre-vs-r0,dense,contrast,2048,38.98080208833202,1958,2037.1162623744458,2037.0036758612841
n009,cpre-vs-r0,dense,floor,2048,0,2048,2037.898069376126,2037.898069376126
n009,cpre-vs-r0,sparse,contrast,5001,135.3661971896539,4718,4974.939795553684,4973.957904040813
n009,cpre-vs-r0,sparse,floor,5001,115.0292843051027,4744,4975.5580033659935,4975.224664151669
n009,cpre-vs-r0,all,contrast,7049,174.3469992779865,6676,7012.05605792813,7010.961579902098
n009,cpre-vs-r0,all,floor,7049,115.0292843051027,6792,7013.456072742119,7013.1227335277945
n009,floor-r0,dense,contrast,2048,0,2048,2037.898069376126,2037.898069376126
n009,floor-r0,sparse,contrast,5001,115.0292843051027,4744,4975.5580033659935,4975.224664151669
n009,floor-r0,all,contrast,7049,115.0292843051027,6792,7013.456072742119,7013.1227335277945
n009,n-vs-cm,dense,contrast,2048,157.45444863819458,1888,2035.5173305347562,2034.428866588045
n009,n-vs-cm,dense,floor,2048,0,2048,2037.898069376126,2037.898069376126
n009,n-vs-cm,sparse,contrast,5001,408.53116748255195,4493,4968.872471272945,4961.266667872667
n009,n-vs-cm,sparse,floor,5001,115.0292843051027,4744,4975.5580033659935,4975.224664151669
n009,n-vs-cm,all,contrast,7049,565.9856161207457,6381,7004.389801807702,6995.695534460712
n009,n-vs-cm,all,floor,7049,115.0292843051027,6792,7013.456072742119,7013.1227335277945
n009,n-vs-r0,dense,contrast,2048,159.59734825309837,1878,2035.9975278768688,2034.2804004992358
n009,n-vs-r0,dense,floor,2048,0,2048,2037.898069376126,2037.898069376126
n009,n-vs-r0,sparse,contrast,5001,417.32660012786806,4497,4969.42853102088,4961.056153059006
n009,n-vs-r0,sparse,floor,5001,115.0292843051027,4744,4975.5580033659935,4975.224664151669
n009,n-vs-r0,all,contrast,7049,576.9239483809665,6375,7005.426058897749,6995.336553558242
n009,n-vs-r0,all,floor,7049,115.0292843051027,6792,7013.456072742119,7013.1227335277945
n010,cm-vs-cpre,dense,contrast,1127,19.021972413377934,1087,1116.9471985269338,1116.8432670701295
n010,cm-vs-cpre,dense,floor,1127,0,1127,1117.468006985262,1117.468006985262
n010,cm-vs-cpre,sparse,contrast,0,0,0,0,0
n010,cm-vs-cpre,sparse,floor,0,0,0,0,0
n010,cm-vs-cpre,all,contrast,1127,19.021972413377934,1087,1116.9471985269338,1116.8432670701295
n010,cm-vs-cpre,all,floor,1127,0,1127,1117.468006985262,1117.468006985262
n010,cm-vs-r0,dense,contrast,1127,21.84717275893482,1083,1116.4611674919724,1116.3949910830706
n010,cm-vs-r0,dense,floor,1127,0,1127,1117.468006985262,1117.468006985262
n010,cm-vs-r0,sparse,contrast,0,0,0,0,0
n010,cm-vs-r0,sparse,floor,0,0,0,0,0
n010,cm-vs-r0,all,contrast,1127,21.84717275893482,1083,1116.4611674919724,1116.3949910830706
n010,cm-vs-r0,all,floor,1127,0,1127,1117.468006985262,1117.468006985262
n010,cpre-vs-r0,dense,contrast,1127,16.292992468122655,1092,1116.5497643258423,1116.824535248801
n010,cpre-vs-r0,dense,floor,1127,0,1127,1117.468006985262,1117.468006985262
n010,cpre-vs-r0,sparse,contrast,0,0,0,0,0
n010,cpre-vs-r0,sparse,floor,0,0,0,0,0
n010,cpre-vs-r0,all,contrast,1127,16.292992468122655,1092,1116.5497643258423,1116.824535248801
n010,cpre-vs-r0,all,floor,1127,0,1127,1117.468006985262,1117.468006985262
n010,floor-r0,dense,contrast,1127,0,1127,1117.468006985262,1117.468006985262
n010,floor-r0,sparse,contrast,0,0,0,0,0
n010,floor-r0,all,contrast,1127,0,1127,1117.468006985262,1117.468006985262
n010,n-vs-cm,dense,contrast,1127,58.69186109850038,1049,1115.8300004508346,1116.7427172577009
n010,n-vs-cm,dense,floor,1127,0,1127,1117.468006985262,1117.468006985262
n010,n-vs-cm,sparse,contrast,0,0,0,0,0
n010,n-vs-cm,sparse,floor,0,0,0,0,0
n010,n-vs-cm,all,contrast,1127,58.69186109850038,1049,1115.8300004508346,1116.7427172577009
n010,n-vs-cm,all,floor,1127,0,1127,1117.468006985262,1117.468006985262
n010,n-vs-r0,dense,contrast,1127,62.50524865006705,1050,1115.6333052250557,1116.2281226208434
n010,n-vs-r0,dense,floor,1127,0,1127,1117.468006985262,1117.468006985262
n010,n-vs-r0,sparse,contrast,0,0,0,0,0
n010,n-vs-r0,sparse,floor,0,0,0,0,0
n010,n-vs-r0,all,contrast,1127,62.50524865006705,1050,1115.6333052250557,1116.2281226208434
n010,n-vs-r0,all,floor,1127,0,1127,1117.468006985262,1117.468006985262
n011,cm-vs-cpre,dense,contrast,2048,67.8991588347744,1907,2030.8468018565327,2030.7590404599905
n011,cm-vs-cpre,dense,floor,2048,0,2048,2032.3054059986025,2032.3054059986025
n011,cm-vs-cpre,sparse,contrast,461,11.340643332692808,437,459.54187566041946,459.69914650917053
n011,cm-vs-cpre,sparse,floor,461,8.101870953469591,432,459.52770936489105,459.6346284151077
n011,cm-vs-cpre,all,contrast,2509,79.23980216746726,2344,2490.388677516952,2490.458186969161
n011,cm-vs-cpre,all,floor,2509,8.101870953469591,2480,2491.8331153634936,2491.9400344137102
n011,cm-vs-r0,dense,contrast,2048,63.30364483890488,1907,2030.5431745555252,2030.706047942862
n011,cm-vs-r0,dense,floor,2048,0,2048,2032.3054059986025,2032.3054059986025
n011,cm-vs-r0,sparse,contrast,461,10.82668912316614,439,459.5483224391937,459.73304760456085
n011,cm-vs-r0,sparse,floor,461,8.101870953469591,432,459.52770936489105,459.6346284151077
n011,cm-vs-r0,all,contrast,2509,74.13033396207105,2346,2490.091496994719,2490.4390955474228
n011,cm-vs-r0,all,floor,2509,8.101870953469591,2480,2491.8331153634936,2491.9400344137102
n011,cpre-vs-r0,dense,contrast,2048,67.28998170054032,1916,2030.4693388026208,2030.900254143402
n011,cpre-vs-r0,dense,floor,2048,0,2048,2032.3054059986025,2032.3054059986025
n011,cpre-vs-r0,sparse,contrast,461,9.71290240774585,433,459.5254626274109,459.5606226325035
n011,cpre-vs-r0,sparse,floor,461,8.101870953469591,432,459.52770936489105,459.6346284151077
n011,cpre-vs-r0,all,contrast,2509,77.00288410828608,2349,2489.9948014300317,2490.4608767759055
n011,cpre-vs-r0,all,floor,2509,8.101870953469591,2480,2491.8331153634936,2491.9400344137102
n011,crossboot-r0,dense,contrast,2048,0,2048,2032.3054059986025,2032.3054059986025
n011,crossboot-r0,sparse,contrast,461,8.818780447116666,437,459.5864814519882,459.7045618891716
n011,crossboot-r0,all,contrast,2509,8.818780447116666,2485,2491.8918874505907,2492.009967887774
n011,floor-r0,dense,contrast,2048,0,2048,2032.3054059986025,2032.3054059986025
n011,floor-r0,sparse,contrast,461,8.101870953469591,432,459.52770936489105,459.6346284151077
n011,floor-r0,all,contrast,2509,8.101870953469591,2480,2491.8331153634936,2491.9400344137102
n011,n-vs-cm,dense,contrast,2048,211.1910528348318,1820,2027.5682847471908,2024.8488502278924
n011,n-vs-cm,dense,floor,2048,0,2048,2032.3054059986025,2032.3054059986025
n011,n-vs-cm,sparse,contrast,461,31.365665799597934,413,459.35058546066284,458.7348552942276
n011,n-vs-cm,sparse,floor,461,8.101870953469591,432,459.52770936489105,459.6346284151077
n011,n-vs-cm,all,contrast,2509,242.55671863442961,2233,2486.9188702078536,2483.58370552212
n011,n-vs-cm,all,floor,2509,8.101870953469591,2480,2491.8331153634936,2491.9400344137102
n011,n-vs-r0,dense,contrast,2048,218.13216244483925,1800,2027.7566255405545,2025.205292057246
n011,n-vs-r0,dense,floor,2048,0,2048,2032.3054059986025,2032.3054059986025
n011,n-vs-r0,sparse,contrast,461,32.232487567050875,414,459.063240647316,458.69347244501114
n011,n-vs-r0,sparse,floor,461,8.101870953469591,432,459.52770936489105,459.6346284151077
n011,n-vs-r0,all,contrast,2509,250.36465001189012,2214,2486.8198661878705,2483.898764502257
n011,n-vs-r0,all,floor,2509,8.101870953469591,2480,2491.8331153634936,2491.9400344137102
n012,cm-vs-cpre,dense,contrast,2048,39.828657430509445,1956,2032.0660421345383,2031.7557948082685
n012,cm-vs-cpre,dense,floor,2048,0,2048,2033.1164564732462,2033.1164564732462
n012,cm-vs-cpre,sparse,contrast,2606,43.77751992830498,2516,2602.969557106495,2602.743843138218
n012,cm-vs-cpre,sparse,floor,2606,33.14542664669054,2541,2602.8021812438965,2602.8409074544907
n012,cm-vs-cpre,all,contrast,4654,83.60617735881448,4472,4635.035599241033,4634.4996379464865
n012,cm-vs-cpre,all,floor,4654,33.14542664669054,4589,4635.918637717143,4635.957363927737
n012,cm-vs-r0,dense,contrast,2048,39.55895256101617,1955,2031.2796768750995,2031.5594152715057
n012,cm-vs-r0,dense,floor,2048,0,2048,2033.1164564732462,2033.1164564732462
n012,cm-vs-r0,sparse,contrast,2606,41.69101654263314,2526,2602.753212451935,2602.8629837036133
n012,cm-vs-r0,sparse,floor,2606,33.14542664669054,2541,2602.8021812438965,2602.8409074544907
n012,cm-vs-r0,all,contrast,4654,81.24996910364908,4481,4634.032889327034,4634.422398975119
n012,cm-vs-r0,all,floor,4654,33.14542664669054,4589,4635.918637717143,4635.957363927737
n012,cpre-vs-r0,dense,contrast,2048,42.26197177723652,1955,2031.3705916982144,2031.9232347737998
n012,cpre-vs-r0,dense,floor,2048,0,2048,2033.1164564732462,2033.1164564732462
n012,cpre-vs-r0,sparse,contrast,2606,42.083472706348026,2527,2602.727372586727,2602.979779779911
n012,cpre-vs-r0,sparse,floor,2606,33.14542664669054,2541,2602.8021812438965,2602.8409074544907
n012,cpre-vs-r0,all,contrast,4654,84.34544448358437,4482,4634.097964284942,4634.903014553711
n012,cpre-vs-r0,all,floor,4654,33.14542664669054,4589,4635.918637717143,4635.957363927737
n012,crossboot-r0,dense,contrast,2048,0,2048,2033.1164564732462,2033.1164564732462
n012,crossboot-r0,sparse,contrast,2606,32.59082567865427,2524,2602.8233985304832,2602.833739221096
n012,crossboot-r0,all,contrast,4654,32.59082567865427,4572,4635.9398550037295,4635.950195694342
n012,floor-r0,dense,contrast,2048,0,2048,2033.1164564732462,2033.1164564732462
n012,floor-r0,sparse,contrast,2606,33.14542664669054,2541,2602.8021812438965,2602.8409074544907
n012,floor-r0,all,contrast,4654,33.14542664669054,4589,4635.918637717143,4635.957363927737
n012,n-vs-cm,dense,contrast,2048,134.14131432033966,1866,2029.4970544194803,2029.3767579696141
n012,n-vs-cm,dense,floor,2048,0,2048,2033.1164564732462,2033.1164564732462
n012,n-vs-cm,sparse,contrast,2606,129.10370086915987,2453,2602.1922813653946,2600.8651138544083
n012,n-vs-cm,sparse,floor,2606,33.14542664669054,2541,2602.8021812438965,2602.8409074544907
n012,n-vs-cm,all,contrast,4654,263.24501518949893,4319,4631.689335784875,4630.241871824022
n012,n-vs-cm,all,floor,4654,33.14542664669054,4589,4635.918637717143,4635.957363927737
n012,n-vs-r0,dense,contrast,2048,136.85710326145752,1871,2028.604117339477,2029.075496042613
n012,n-vs-r0,dense,floor,2048,0,2048,2033.1164564732462,2033.1164564732462
n012,n-vs-r0,sparse,contrast,2606,134.25562530483302,2455,2601.9570638537407,2600.752148747444
n012,n-vs-r0,sparse,floor,2606,33.14542664669054,2541,2602.8021812438965,2602.8409074544907
n012,n-vs-r0,all,contrast,4654,271.1127285662908,4326,4630.561181193218,4629.827644790057
n012,n-vs-r0,all,floor,4654,33.14542664669054,4589,4635.918637717143,4635.957363927737
n013,cm-vs-cpre,dense,contrast,2048,45.40343015915202,1916,2027.0767525527626,2026.7031239271164
n013,cm-vs-cpre,dense,floor,2048,0,2048,2029.5820075515658,2029.5820075515658
n013,cm-vs-cpre,sparse,contrast,1162,19.1287915658649,1111,1158.1557202935219,1158.1543121933937
n013,cm-vs-cpre,sparse,floor,1162,15.126977775162231,1112,1158.2298566699028,1158.2029057145119
n013,cm-vs-cpre,all,contrast,3210,64.53222172501687,3027,3185.2324728462845,3184.85743612051
n013,cm-vs-cpre,all,floor,3210,15.126977775162231,3160,3187.8118642214686,3187.7849132660776
n013,cm-vs-r0,dense,contrast,2048,45.88917028359169,1921,2027.8661796655506,2026.9387290235609
n013,cm-vs-r0,dense,floor,2048,0,2048,2029.5820075515658,2029.5820075515658
n013,cm-vs-r0,sparse,contrast,1162,18.856595272214662,1113,1158.186948955059,1158.1571953892708
n013,cm-vs-r0,sparse,floor,1162,15.126977775162231,1112,1158.2298566699028,1158.2029057145119
n013,cm-vs-r0,all,contrast,3210,64.74576555580627,3034,3186.0531286206096,3185.0959244128317
n013,cm-vs-r0,all,floor,3210,15.126977775162231,3160,3187.8118642214686,3187.7849132660776
n013,cpre-vs-r0,dense,contrast,2048,45.735876868922134,1929,2027.734088210389,2027.0949315261096
n013,cpre-vs-r0,dense,floor,2048,0,2048,2029.5820075515658,2029.5820075515658
n013,cpre-vs-r0,sparse,contrast,1162,19.732242676483523,1098,1158.1925605535507,1158.1709461808205
n013,cpre-vs-r0,sparse,floor,1162,15.126977775162231,1112,1158.2298566699028,1158.2029057145119
n013,cpre-vs-r0,all,contrast,3210,65.46811954540576,3027,3185.9266487639397,3185.26587770693
n013,cpre-vs-r0,all,floor,3210,15.126977775162231,3160,3187.8118642214686,3187.7849132660776
n013,floor-r0,dense,contrast,2048,0,2048,2029.5820075515658,2029.5820075515658
n013,floor-r0,sparse,contrast,1162,15.126977775162231,1112,1158.2298566699028,1158.2029057145119
n013,floor-r0,all,contrast,3210,15.126977775162231,3160,3187.8118642214686,3187.7849132660776
n013,n-vs-cm,dense,contrast,2048,159.96981693739033,1825,2023.958064001985,2024.046461025253
n013,n-vs-cm,dense,floor,2048,0,2048,2029.5820075515658,2029.5820075515658
n013,n-vs-cm,sparse,contrast,1162,73.58580178919608,1057,1157.3085780739784,1156.2069808244705
n013,n-vs-cm,sparse,floor,1162,15.126977775162231,1112,1158.2298566699028,1158.2029057145119
n013,n-vs-cm,all,contrast,3210,233.55561872658654,2882,3181.2666420759633,3180.2534418497235
n013,n-vs-cm,all,floor,3210,15.126977775162231,3160,3187.8118642214686,3187.7849132660776
n013,n-vs-r0,dense,contrast,2048,164.4566621075384,1818,2025.2619197443128,2024.1764029664919
n013,n-vs-r0,dense,floor,2048,0,2048,2029.5820075515658,2029.5820075515658
n013,n-vs-r0,sparse,contrast,1162,73.74656060646842,1049,1157.3855003714561,1156.092478275299
n013,n-vs-r0,sparse,floor,1162,15.126977775162231,1112,1158.2298566699028,1158.2029057145119
n013,n-vs-r0,all,contrast,3210,238.20322271400732,2867,3182.647420115769,3180.268881241791
n013,n-vs-r0,all,floor,3210,15.126977775162231,3160,3187.8118642214686,3187.7849132660776
n014,cm-vs-cpre,dense,contrast,2048,56.99717236974795,1922,2030.3733434919268,2029.9856564700603
n014,cm-vs-cpre,dense,floor,2048,0,2048,2032.178754651919,2032.178754651919
n014,cm-vs-cpre,sparse,contrast,332,8.959150128023197,303,328.3894114494324,328.3392040133476
n014,cm-vs-cpre,sparse,floor,332,6.30474195305868,318,328.5551985502243,328.5961080789566
n014,cm-vs-cpre,all,contrast,2380,65.95632249777124,2225,2358.762754941359,2358.324860483408
n014,cm-vs-cpre,all,floor,2380,6.30474195305868,2366,2360.7339532021433,2360.7748627308756
n014,cm-vs-r0,dense,contrast,2048,56.788690543822796,1936,2030.5667460169643,2029.9598283972591
n014,cm-vs-r0,dense,floor,2048,0,2048,2032.178754651919,2032.178754651919
n014,cm-vs-r0,sparse,contrast,332,9.40097473506019,309,328.4183227419853,328.32058292627335
n014,cm-vs-r0,sparse,floor,332,6.30474195305868,318,328.5551985502243,328.5961080789566
n014,cm-vs-r0,all,contrast,2380,66.18966527888293,2245,2358.9850687589496,2358.2804113235325
n014,cm-vs-r0,all,floor,2380,6.30474195305868,2366,2360.7339532021433,2360.7748627308756
n014,cpre-vs-r0,dense,contrast,2048,55.371319038616306,1932,2030.8276375662535,2030.6874273549765
n014,cpre-vs-r0,dense,floor,2048,0,2048,2032.178754651919,2032.178754651919
n014,cpre-vs-r0,sparse,contrast,332,9.038567035102018,313,328.4467202425003,328.39055705070496
n014,cpre-vs-r0,sparse,floor,332,6.30474195305868,318,328.5551985502243,328.5961080789566
n014,cpre-vs-r0,all,contrast,2380,64.40988607371833,2245,2359.274357808754,2359.0779844056815
n014,cpre-vs-r0,all,floor,2380,6.30474195305868,2366,2360.7339532021433,2360.7748627308756
n014,floor-r0,dense,contrast,2048,0,2048,2032.178754651919,2032.178754651919
n014,floor-r0,sparse,contrast,332,6.30474195305868,318,328.5551985502243,328.5961080789566
n014,floor-r0,all,contrast,2380,6.30474195305868,2366,2360.7339532021433,2360.7748627308756
n014,n-vs-cm,dense,contrast,2048,154.07792987786186,1858,2027.31873875577,2026.392237371765
n014,n-vs-cm,dense,floor,2048,0,2048,2032.178754651919,2032.178754651919
n014,n-vs-cm,sparse,contrast,332,35.40700131634316,294,327.7593724131584,327.2273020148277
n014,n-vs-cm,sparse,floor,332,6.30474195305868,318,328.5551985502243,328.5961080789566
n014,n-vs-cm,all,contrast,2380,189.4849311942049,2152,2355.0781111689284,2353.619539386593
n014,n-vs-cm,all,floor,2380,6.30474195305868,2366,2360.7339532021433,2360.7748627308756
n014,n-vs-r0,dense,contrast,2048,152.22203704934745,1860,2027.6013587340713,2026.075895452872
n014,n-vs-r0,dense,floor,2048,0,2048,2032.178754651919,2032.178754651919
n014,n-vs-r0,sparse,contrast,332,37.20430064146455,293,327.87350594997406,327.30071783065796
n014,n-vs-r0,sparse,floor,332,6.30474195305868,318,328.5551985502243,328.5961080789566
n014,n-vs-r0,all,contrast,2380,189.426337690812,2153,2355.4748646840453,2353.37661328353
n014,n-vs-r0,all,floor,2380,6.30474195305868,2366,2360.7339532021433,2360.7748627308756
n015,cm-vs-cpre,dense,contrast,2048,32.86176174092793,1979,2035.5140306744725,2035.1172360628843
n015,cm-vs-cpre,dense,floor,2048,0,2048,2036.067721778527,2036.067721778527
n015,cm-vs-cpre,sparse,contrast,5788,125.80521213560905,5507,5774.004643559456,5774.121132314205
n015,cm-vs-cpre,sparse,floor,5788,122.66183027158546,5509,5773.969239294529,5774.0516748428345
n015,cm-vs-cpre,all,contrast,7836,158.6669738765369,7486,7809.518674233928,7809.2383683770895
n015,cm-vs-cpre,all,floor,7836,122.66183027158546,7557,7810.036961073056,7810.119396621361
n015,cm-vs-r0,dense,contrast,2048,31.32841851031549,1979,2035.3480372335762,2035.299546232447
n015,cm-vs-r0,dense,floor,2048,0,2048,2036.067721778527,2036.067721778527
n015,cm-vs-r0,sparse,contrast,5788,124.86291227665151,5496,5773.312071174383,5773.685201704502
n015,cm-vs-r0,sparse,floor,5788,122.66183027158546,5509,5773.969239294529,5774.0516748428345
n015,cm-vs-r0,all,contrast,7836,156.19133078696746,7475,7808.660108407959,7808.984747936949
n015,cm-vs-r0,all,floor,7836,122.66183027158546,7557,7810.036961073056,7810.119396621361
n015,cpre-vs-r0,dense,contrast,2048,28.04725695499228,1986,2035.2132429461926,2035.5239119362086
n015,cpre-vs-r0,dense,floor,2048,0,2048,2036.067721778527,2036.067721778527
n015,cpre-vs-r0,sparse,contrast,5788,134.14799014055492,5505,5773.79698741436,5774.147789478302
n015,cpre-vs-r0,sparse,floor,5788,122.66183027158546,5509,5773.969239294529,5774.0516748428345
n015,cpre-vs-r0,all,contrast,7836,162.19524709554636,7491,7809.010230360553,7809.671701414511
n015,cpre-vs-r0,all,floor,7836,122.66183027158546,7557,7810.036961073056,7810.119396621361
n015,floor-r0,dense,contrast,2048,0,2048,2036.067721778527,2036.067721778527
n015,floor-r0,sparse,contrast,5788,122.66183027158546,5509,5773.969239294529,5774.0516748428345
n015,floor-r0,all,contrast,7836,122.66183027158546,7557,7810.036961073056,7810.119396621361
n015,n-vs-cm,dense,contrast,2048,140.16030523134023,1884,2033.3896850021556,2033.0695837740786
n015,n-vs-cm,dense,floor,2048,0,2048,2036.067721778527,2036.067721778527
n015,n-vs-cm,sparse,contrast,5788,431.23794808266604,5300,5769.478144139051,5764.636128813028
n015,n-vs-cm,sparse,floor,5788,122.66183027158546,5509,5773.969239294529,5774.0516748428345
n015,n-vs-cm,all,contrast,7836,571.3982533140057,7184,7802.867829141207,7797.705712587107
n015,n-vs-cm,all,floor,7836,122.66183027158546,7557,7810.036961073056,7810.119396621361
n015,n-vs-r0,dense,contrast,2048,140.54488257285377,1889,2033.2833798900247,2033.102218601387
n015,n-vs-r0,dense,floor,2048,0,2048,2036.067721778527,2036.067721778527
n015,n-vs-r0,sparse,contrast,5788,432.11711836050523,5288,5767.886407971382,5764.496714383364
n015,n-vs-r0,sparse,floor,5788,122.66183027158546,5509,5773.969239294529,5774.0516748428345
n015,n-vs-r0,all,contrast,7836,572.6620009333604,7177,7801.169787861407,7797.598932984751
n015,n-vs-r0,all,floor,7836,122.66183027158546,7557,7810.036961073056,7810.119396621361
n016,cm-vs-cpre,dense,contrast,2048,45.77034763393949,1952,2034.3576098177582,2034.521482348442
n016,cm-vs-cpre,dense,floor,2048,0,2048,2035.9908404294401,2035.9908404294401
n016,cm-vs-cpre,sparse,contrast,1434,29.31246288302916,1369,1431.148177087307,1431.282709658146
n016,cm-vs-cpre,sparse,floor,1434,22.81200667768009,1389,1431.3399626612663,1431.537345945835
n016,cm-vs-cpre,all,contrast,3482,75.08281051696878,3321,3465.505786905065,3465.804192006588
n016,cm-vs-cpre,all,floor,3482,22.81200667768009,3437,3467.3308030907065,3467.5281863752753
n016,cm-vs-r0,dense,contrast,2048,48.1696006181184,1953,2034.2504501249641,2034.5048826988786
n016,cm-vs-r0,dense,floor,2048,0,2048,2035.9908404294401,2035.9908404294401
n016,cm-vs-r0,sparse,contrast,1434,31.313572745957803,1372,1431.1068558096886,1431.3070400953293
n016,cm-vs-r0,sparse,floor,1434,22.81200667768009,1389,1431.3399626612663,1431.537345945835
n016,cm-vs-r0,all,contrast,3482,79.48317336407614,3325,3465.3573059346527,3465.811922794208
n016,cm-vs-r0,all,floor,3482,22.81200667768009,3437,3467.3308030907065,3467.5281863752753
n016,cpre-vs-r0,dense,contrast,2048,40.83417991313909,1952,2034.4931052010506,2034.7175155114383
n016,cpre-vs-r0,dense,floor,2048,0,2048,2035.9908404294401,2035.9908404294401
n016,cpre-vs-r0,sparse,contrast,1434,25.86108472049,1379,1431.2620959281921,1431.2400257587433
n016,cpre-vs-r0,sparse,floor,1434,22.81200667768009,1389,1431.3399626612663,1431.537345945835
n016,cpre-vs-r0,all,contrast,3482,66.69526463362901,3331,3465.755201129243,3465.9575412701815
n016,cpre-vs-r0,all,floor,3482,22.81200667768009,3437,3467.3308030907065,3467.5281863752753
n016,floor-r0,dense,contrast,2048,0,2048,2035.9908404294401,2035.9908404294401
n016,floor-r0,sparse,contrast,1434,22.81200667768009,1389,1431.3399626612663,1431.537345945835
n016,floor-r0,all,contrast,3482,22.81200667768009,3437,3467.3308030907065,3467.5281863752753
n016,n-vs-cm,dense,contrast,2048,145.387314359691,1869,2032.7711220355704,2032.9410907225683
n016,n-vs-cm,dense,floor,2048,0,2048,2035.9908404294401,2035.9908404294401
n016,n-vs-cm,sparse,contrast,1434,90.58076978259639,1327,1430.1851834058762,1430.2076858878136
n016,n-vs-cm,sparse,floor,1434,22.81200667768009,1389,1431.3399626612663,1431.537345945835
n016,n-vs-cm,all,contrast,3482,235.96808414228707,3196,3462.9563054414466,3463.148776610382
n016,n-vs-cm,all,floor,3482,22.81200667768009,3437,3467.3308030907065,3467.5281863752753
n016,n-vs-r0,dense,contrast,2048,152.49745163513168,1863,2032.2968799099326,2032.8615252664313
n016,n-vs-r0,dense,floor,2048,0,2048,2035.9908404294401,2035.9908404294401
n016,n-vs-r0,sparse,contrast,1434,89.55266096786464,1338,1430.1123359799385,1430.2708504796028
n016,n-vs-r0,sparse,floor,1434,22.81200667768009,1389,1431.3399626612663,1431.537345945835
n016,n-vs-r0,all,contrast,3482,242.05011260299568,3201,3462.409215889871,3463.132375746034
n016,n-vs-r0,all,floor,3482,22.81200667768009,3437,3467.3308030907065,3467.5281863752753
n017,cm-vs-cpre,dense,contrast,2048,41.03215897544442,1947,2033.3309581372887,2033.1262323111296
n017,cm-vs-cpre,dense,floor,2048,0,2048,2034.56562509574,2034.56562509574
n017,cm-vs-cpre,sparse,contrast,1092,19.18579088726542,1028,1083.3336545825005,1083.4162779450417
n017,cm-vs-cpre,sparse,floor,1092,17.411549118837293,1034,1083.1780449151993,1083.405036330223
n017,cm-vs-cpre,all,contrast,3140,60.217949862709816,2975,3116.664612719789,3116.542510256171
n017,cm-vs-cpre,all,floor,3140,17.411549118837293,3082,3117.7436700109392,3117.970661425963
n017,cm-vs-r0,dense,contrast,2048,43.04495724100657,1947,2033.529449513182,2033.1409771647304
n017,cm-vs-r0,dense,floor,2048,0,2048,2034.56562509574,2034.56562509574
n017,cm-vs-r0,sparse,contrast,1092,19.891110986054887,1033,1082.5834047198296,1083.1914625763893
n017,cm-vs-r0,sparse,floor,1092,17.411549118837293,1034,1083.1780449151993,1083.405036330223
n017,cm-vs-r0,all,contrast,3140,62.93606822706153,2980,3116.1128542330116,3116.3324397411197
n017,cm-vs-r0,all,floor,3140,17.411549118837293,3082,3117.7436700109392,3117.970661425963
n017,cpre-vs-r0,dense,contrast,2048,40.413049056704416,1944,2033.4509038012475,2033.3226976823062
n017,cpre-vs-r0,dense,floor,2048,0,2048,2034.56562509574,2034.56562509574
n017,cpre-vs-r0,sparse,contrast,1092,19.294775373547342,1028,1082.9331285953522,1083.2626122236252
n017,cpre-vs-r0,sparse,floor,1092,17.411549118837293,1034,1083.1780449151993,1083.405036330223
n017,cpre-vs-r0,all,contrast,3140,59.707824430251954,2972,3116.3840323965997,3116.5853099059314
n017,cpre-vs-r0,all,floor,3140,17.411549118837293,3082,3117.7436700109392,3117.970661425963
n017,floor-r0,dense,contrast,2048,0,2048,2034.56562509574,2034.56562509574
n017,floor-r0,sparse,contrast,1092,17.411549118837293,1034,1083.1780449151993,1083.405036330223
n017,floor-r0,all,contrast,3140,17.411549118837293,3082,3117.7436700109392,3117.970661425963
n017,n-vs-cm,dense,contrast,2048,146.56978567164728,1882,2031.3021959038451,2030.9556747493334
n017,n-vs-cm,dense,floor,2048,0,2048,2034.56562509574,2034.56562509574
n017,n-vs-cm,sparse,contrast,1092,66.89110262951922,991,1081.7853029966354,1080.3243907392025
n017,n-vs-cm,sparse,floor,1092,17.411549118837293,1034,1083.1780449151993,1083.405036330223
n017,n-vs-cm,all,contrast,3140,213.46088830116693,2873,3113.0874989004806,3111.280065488536
n017,n-vs-cm,all,floor,3140,17.411549118837293,3082,3117.7436700109392,3117.970661425963
n017,n-vs-r0,dense,contrast,2048,142.50126671351117,1882,2031.5649182274938,2031.093968922738
n017,n-vs-r0,dense,floor,2048,0,2048,2034.56562509574,2034.56562509574
n017,n-vs-r0,sparse,contrast,1092,69.88150351360787,979,1081.3533445596695,1081.008818268776
n017,n-vs-r0,sparse,floor,1092,17.411549118837293,1034,1083.1780449151993,1083.405036330223
n017,n-vs-r0,all,contrast,3140,212.3827702271189,2861,3112.9182627871633,3112.102787191514
n017,n-vs-r0,all,floor,3140,17.411549118837293,3082,3117.7436700109392,3117.970661425963
n018,cm-vs-cpre,dense,contrast,2048,39.23062552273569,1956,2038.3754860255867,2038.2330463975668
n018,cm-vs-cpre,dense,floor,2048,0,2048,2039.1704375389963,2039.1704375389963
n018,cm-vs-cpre,sparse,contrast,6187,76.40812541197458,5987,6171.900134623051,6171.940523266792
n018,cm-vs-cpre,sparse,floor,6187,73.7513190524514,5993,6171.967779040337,6172.013502418995
n018,cm-vs-cpre,all,contrast,8235,115.63875093471039,7943,8210.275620648637,8210.17356966436
n018,cm-vs-cpre,all,floor,8235,73.7513190524514,8041,8211.138216579333,8211.183939957991
n018,cm-vs-r0,dense,contrast,2048,36.2786422207646,1967,2038.3686087932438,2038.2404355909675
n018,cm-vs-r0,dense,floor,2048,0,2048,2039.1704375389963,2039.1704375389963
n018,cm-vs-r0,sparse,contrast,6187,88.28903110497795,5965,6171.812600553036,6171.805921077728
n018,cm-vs-r0,sparse,floor,6187,73.7513190524514,5993,6171.967779040337,6172.013502418995
n018,cm-vs-r0,all,contrast,8235,124.56767332574235,7932,8210.18120934628,8210.046356668696
n018,cm-vs-r0,all,floor,8235,73.7513190524514,8041,8211.138216579333,8211.183939957991
n018,cpre-vs-r0,dense,contrast,2048,39.44011703885604,1954,2038.3256934266537,2038.283097518608
n018,cpre-vs-r0,dense,floor,2048,0,2048,2039.1704375389963,2039.1704375389963
n018,cpre-vs-r0,sparse,contrast,6187,82.89691483731396,5979,6171.7815200686455,6171.807289600372
n018,cpre-vs-r0,sparse,floor,6187,73.7513190524514,5993,6171.967779040337,6172.013502418995
n018,cpre-vs-r0,all,contrast,8235,122.33703187617026,7933,8210.1072134953,8210.09038711898
n018,cpre-vs-r0,all,floor,8235,73.7513190524514,8041,8211.138216579333,8211.183939957991
n018,floor-r0,dense,contrast,2048,0,2048,2039.1704375389963,2039.1704375389963
n018,floor-r0,sparse,contrast,6187,73.7513190524514,5993,6171.967779040337,6172.013502418995
n018,floor-r0,all,contrast,8235,73.7513190524514,8041,8211.138216579333,8211.183939957991
n018,n-vs-cm,dense,contrast,2048,135.6787342084924,1881,2036.5296915387735,2036.4130136007443
n018,n-vs-cm,dense,floor,2048,0,2048,2039.1704375389963,2039.1704375389963
n018,n-vs-cm,sparse,contrast,6187,254.48898021844906,5831,6169.438936948776,6167.45699685812
n018,n-vs-cm,sparse,floor,6187,73.7513190524514,5993,6171.967779040337,6172.013502418995
n018,n-vs-cm,all,contrast,8235,390.1677144269432,7712,8205.96862848755,8203.870010458864
n018,n-vs-cm,all,floor,8235,73.7513190524514,8041,8211.138216579333,8211.183939957991
n018,n-vs-r0,dense,contrast,2048,133.4496204314508,1885,2036.8953019734472,2036.7042376380414
n018,n-vs-r0,dense,floor,2048,0,2048,2039.1704375389963,2039.1704375389963
n018,n-vs-r0,sparse,contrast,6187,257.2331269040964,5821,6169.090761005878,6167.699317634106
n018,n-vs-r0,sparse,floor,6187,73.7513190524514,5993,6171.967779040337,6172.013502418995
n018,n-vs-r0,all,contrast,8235,390.6827473355458,7706,8205.986062979326,8204.403555272147
n018,n-vs-r0,all,floor,8235,73.7513190524514,8041,8211.138216579333,8211.183939957991
n019,cm-vs-cpre,dense,contrast,2048,61.04645567430372,1893,2027.7810373101383,2027.6679366379976
n019,cm-vs-cpre,dense,floor,2048,0,2048,2029.9893409851938,2029.9893409851938
n019,cm-vs-cpre,sparse,contrast,2623,83.92802842925695,2446,2607.0412846803665,2607.0108429193497
n019,cm-vs-cpre,sparse,floor,2623,66.95773143515838,2442,2607.193445622921,2607.059719800949
n019,cm-vs-cpre,all,contrast,4671,144.97448410356048,4339,4634.822321990505,4634.678779557347
n019,cm-vs-cpre,all,floor,4671,66.95773143515838,4490,4637.182786608115,4637.049060786143
n019,cm-vs-r0,dense,contrast,2048,61.052851269842186,1920,2028.067073425278,2027.6562730874866
n019,cm-vs-r0,dense,floor,2048,0,2048,2029.9893409851938,2029.9893409851938
n019,cm-vs-r0,sparse,contrast,2623,79.27233525548294,2432,2607.1667726635933,2606.9567881822586
n019,cm-vs-r0,sparse,floor,2623,66.95773143515838,2442,2607.193445622921,2607.059719800949
n019,cm-vs-r0,all,contrast,4671,140.3251865253247,4352,4635.233846088871,4634.613061269745
n019,cm-vs-r0,all,floor,4671,66.95773143515838,4490,4637.182786608115,4637.049060786143
n019,cpre-vs-r0,dense,contrast,2048,59.4779973730141,1910,2027.9240097086877,2027.749575002119
n019,cpre-vs-r0,dense,floor,2048,0,2048,2029.9893409851938,2029.9893409851938
n019,cpre-vs-r0,sparse,contrast,2623,76.8889186254292,2437,2607.167704105377,2606.871999323368
n019,cpre-vs-r0,sparse,floor,2623,66.95773143515838,2442,2607.193445622921,2607.059719800949
n019,cpre-vs-r0,all,contrast,4671,136.36691599844383,4347,4635.091713814065,4634.621574325487
n019,cpre-vs-r0,all,floor,4671,66.95773143515838,4490,4637.182786608115,4637.049060786143
n019,floor-r0,dense,contrast,2048,0,2048,2029.9893409851938,2029.9893409851938
n019,floor-r0,sparse,contrast,2623,66.95773143515838,2442,2607.193445622921,2607.059719800949
n019,floor-r0,all,contrast,4671,66.95773143515838,4490,4637.182786608115,4637.049060786143
n019,n-vs-cm,dense,contrast,2048,197.26082245599451,1806,2023.6621222393587,2020.3820917727426
n019,n-vs-cm,dense,floor,2048,0,2048,2029.9893409851938,2029.9893409851938
n019,n-vs-cm,sparse,contrast,2623,247.85168502713395,2304,2602.9980537593365,2599.616663455963
n019,n-vs-cm,sparse,floor,2623,66.95773143515838,2442,2607.193445622921,2607.059719800949
n019,n-vs-cm,all,contrast,4671,445.1125074831263,4110,4626.660175998695,4619.998755228706
n019,n-vs-cm,all,floor,4671,66.95773143515838,4490,4637.182786608115,4637.049060786143
n019,n-vs-r0,dense,contrast,2048,194.6662161511704,1809,2024.8092847540975,2020.7286359220743
n019,n-vs-r0,dense,floor,2048,0,2048,2029.9893409851938,2029.9893409851938
n019,n-vs-r0,sparse,contrast,2623,257.88415728930505,2297,2603.3249229192734,2599.42191106081
n019,n-vs-r0,sparse,floor,2623,66.95773143515838,2442,2607.193445622921,2607.059719800949
n019,n-vs-r0,all,contrast,4671,452.55037344047525,4106,4628.134207673371,4620.150546982884
n019,n-vs-r0,all,floor,4671,66.95773143515838,4490,4637.182786608115,4637.049060786143
n020,cm-vs-cpre,dense,contrast,2048,40.636975486144486,1975,2035.98903898336,2035.520683195442
n020,cm-vs-cpre,dense,floor,2048,0,2048,2037.9290279392153,2037.9290279392153
n020,cm-vs-cpre,sparse,contrast,403,4.655372213532834,396,402.5841026902199,402.5979515314102
n020,cm-vs-cpre,sparse,floor,403,3.5426624977822576,394,402.63913583755493,402.6242086291313
n020,cm-vs-cpre,all,contrast,2451,45.292347699677336,2371,2438.57314167358,2438.118634726852
n020,cm-vs-cpre,all,floor,2451,3.5426624977822576,2442,2440.5681637767702,2440.5532365683466
n020,cm-vs-r0,dense,contrast,2048,38.018749494751155,1978,2036.6416794862598,2035.947332656011
n020,cm-vs-r0,dense,floor,2048,0,2048,2037.9290279392153,2037.9290279392153
n020,cm-vs-r0,sparse,contrast,403,5.433772135708282,395,402.6398724913597,402.60138380527496
n020,cm-vs-r0,sparse,floor,403,3.5426624977822576,394,402.63913583755493,402.6242086291313
n020,cm-vs-r0,all,contrast,2451,43.45252163045948,2373,2439.2815519776195,2438.548716461286
n020,cm-vs-r0,all,floor,2451,3.5426624977822576,2442,2440.5681637767702,2440.5532365683466
n020,cpre-vs-r0,dense,contrast,2048,36.244327771693975,1975,2035.0822156788781,2035.5950325708836
n020,cpre-vs-r0,dense,floor,2048,0,2048,2037.9290279392153,2037.9290279392153
n020,cpre-vs-r0,sparse,contrast,403,3.8322324745996124,396,402.6402114033699,402.6016044616699
n020,cpre-vs-r0,sparse,floor,403,3.5426624977822576,394,402.63913583755493,402.6242086291313
n020,cpre-vs-r0,all,contrast,2451,40.07656024629359,2371,2437.722427082248,2438.1966370325536
n020,cpre-vs-r0,all,floor,2451,3.5426624977822576,2442,2440.5681637767702,2440.5532365683466
n020,floor-r0,dense,contrast,2048,0,2048,2037.9290279392153,2037.9290279392153
n020,floor-r0,sparse,contrast,403,3.5426624977822576,394,402.63913583755493,402.6242086291313
n020,floor-r0,all,contrast,2451,3.5426624977822576,2442,2440.5681637767702,2440.5532365683466
n020,n-vs-cm,dense,contrast,2048,115.39443636726811,1928,2033.481936599128,2032.9659707383253
n020,n-vs-cm,dense,floor,2048,0,2048,2037.9290279392153,2037.9290279392153
n020,n-vs-cm,sparse,contrast,403,12.911112585574536,380,402.52406400442123,402.62989968061447
n020,n-vs-cm,sparse,floor,403,3.5426624977822576,394,402.63913583755493,402.6242086291313
n020,n-vs-cm,all,contrast,2451,128.30554895284257,2308,2436.006000603549,2435.5958704189397
n020,n-vs-cm,all,floor,2451,3.5426624977822576,2442,2440.5681637767702,2440.5532365683466
n020,n-vs-r0,dense,contrast,2048,110.16226124773021,1932,2033.5814496651292,2033.1995754442178
n020,n-vs-r0,dense,floor,2048,0,2048,2037.9290279392153,2037.9290279392153
n020,n-vs-r0,sparse,contrast,403,12.291017732009106,384,402.5320312976837,402.6159343123436
n020,n-vs-r0,sparse,floor,403,3.5426624977822576,394,402.63913583755493,402.6242086291313
n020,n-vs-r0,all,contrast,2451,122.45327897973927,2316,2436.113480962813,2435.8155097565614
n020,n-vs-r0,all,floor,2451,3.5426624977822576,2442,2440.5681637767702,2440.5532365683466
n021,cm-vs-cpre,dense,contrast,2048,62.781961033610685,1924,2017.9991625640541,2017.934356763959
n021,cm-vs-cpre,dense,floor,2048,0,2048,2021.3150505069643,2021.3150505069643
n021,cm-vs-cpre,sparse,contrast,907,21.187410999135576,847,898.9310663342476,898.6536316275597
n021,cm-vs-cpre,sparse,floor,907,13.203531174612094,860,899.0003432035446,899.2487599849701
n021,cm-vs-cpre,all,contrast,2955,83.96937203274607,2771,2916.9302288983017,2916.5879883915186
n021,cm-vs-cpre,all,floor,2955,13.203531174612094,2908,2920.315393710509,2920.5638104919344
n021,cm-vs-r0,dense,contrast,2048,60.33640888159338,1923,2017.9667700435966,2018.1075345184654
n021,cm-vs-r0,dense,floor,2048,0,2048,2021.3150505069643,2021.3150505069643
n021,cm-vs-r0,sparse,contrast,907,21.291217014657512,830,898.8741089701653,898.6236200928688
n021,cm-vs-r0,sparse,floor,907,13.203531174612094,860,899.0003432035446,899.2487599849701
n021,cm-vs-r0,all,contrast,2955,81.6276258962509,2753,2916.840879013762,2916.731154611334
n021,cm-vs-r0,all,floor,2955,13.203531174612094,2908,2920.315393710509,2920.5638104919344
n021,cpre-vs-r0,dense,contrast,2048,58.6890963603728,1916,2017.4335623364896,2017.738836241886
n021,cpre-vs-r0,dense,floor,2048,0,2048,2021.3150505069643,2021.3150505069643
n021,cpre-vs-r0,sparse,contrast,907,18.238957903393597,847,898.7267345786095,898.8328204154968
n021,cpre-vs-r0,sparse,floor,907,13.203531174612094,860,899.0003432035446,899.2487599849701
n021,cpre-vs-r0,all,contrast,2955,76.92805426376636,2763,2916.160296915099,2916.571656657383
n021,cpre-vs-r0,all,floor,2955,13.203531174612094,2908,2920.315393710509,2920.5638104919344
n021,crossboot-r0,dense,contrast,2048,0,2048,2021.3150505069643,2021.3150505069643
n021,crossboot-r0,sparse,contrast,907,14.6208442921776,846,898.9967714548111,898.9555588364601
n021,crossboot-r0,all,contrast,2955,14.6208442921776,2894,2920.3118219617754,2920.2706093434244
n021,floor-r0,dense,contrast,2048,0,2048,2021.3150505069643,2021.3150505069643
n021,floor-r0,sparse,contrast,907,13.203531174612094,860,899.0003432035446,899.2487599849701
n021,floor-r0,all,contrast,2955,13.203531174612094,2908,2920.315393710509,2920.5638104919344
n021,n-vs-cm,dense,contrast,2048,219.6687981830307,1795,2011.8544295514002,2005.7173196864314
n021,n-vs-cm,dense,floor,2048,0,2048,2021.3150505069643,2021.3150505069643
n021,n-vs-cm,sparse,contrast,907,64.49416521194351,807,897.2651959061623,895.6563550829887
n021,n-vs-cm,sparse,floor,907,13.203531174612094,860,899.0003432035446,899.2487599849701
n021,n-vs-cm,all,contrast,2955,284.1629633949743,2602,2909.1196254575625,2901.37367476942
n021,n-vs-cm,all,floor,2955,13.203531174612094,2908,2920.315393710509,2920.5638104919344
n021,n-vs-r0,dense,contrast,2048,207.37391496945415,1797,2012.0746193965897,2005.7171874125488
n021,n-vs-r0,dense,floor,2048,0,2048,2021.3150505069643,2021.3150505069643
n021,n-vs-r0,sparse,contrast,907,61.84902683848459,808,897.5334371328354,895.4588412046432
n021,n-vs-r0,sparse,floor,907,13.203531174612094,860,899.0003432035446,899.2487599849701
n021,n-vs-r0,all,contrast,2955,269.2229418079388,2605,2909.608056529425,2901.176028617192
n021,n-vs-r0,all,floor,2955,13.203531174612094,2908,2920.315393710509,2920.5638104919344
n022,cm-vs-cpre,dense,contrast,2048,48.19173948833518,1929,2031.754739144817,2032.0361797958612
n022,cm-vs-cpre,dense,floor,2048,0,2048,2032.8443182650954,2032.8443182650954
n022,cm-vs-cpre,sparse,contrast,1921,25.73947099248554,1871,1917.7327644824982,1917.8679113388062
n022,cm-vs-cpre,sparse,floor,1921,26.212527577637314,1862,1917.8812242150307,1917.748658657074
n022,cm-vs-cpre,all,contrast,3969,73.93121048082047,3800,3949.487503627315,3949.9040911346674
n022,cm-vs-cpre,all,floor,3969,26.212527577637314,3910,3950.725542480126,3950.5929769221693
n022,cm-vs-r0,dense,contrast,2048,53.20437664732172,1932,2031.3120645787567,2032.046168556437
n022,cm-vs-r0,dense,floor,2048,0,2048,2032.8443182650954,2032.8443182650954
n022,cm-vs-r0,sparse,contrast,1921,31.38434008214666,1859,1917.8694823980331,1917.9489349126816
n022,cm-vs-r0,sparse,floor,1921,26.212527577637314,1862,1917.8812242150307,1917.748658657074
n022,cm-vs-r0,all,contrast,3969,84.58871672946836,3791,3949.18154697679,3949.9951034691185
n022,cm-vs-r0,all,floor,3969,26.212527577637314,3910,3950.725542480126,3950.5929769221693
n022,cpre-vs-r0,dense,contrast,2048,47.82669984975224,1927,2031.3808997254819,2031.7688416074961
n022,cpre-vs-r0,dense,floor,2048,0,2048,2032.8443182650954,2032.8443182650954
n022,cpre-vs-r0,sparse,contrast,1921,31.87394786643656,1852,1917.8226420879364,1917.7446166872978
n022,cpre-vs-r0,sparse,floor,1921,26.212527577637314,1862,1917.8812242150307,1917.748658657074
n022,cpre-vs-r0,all,contrast,3969,79.70064771618881,3779,3949.2035418134183,3949.513458294794
n022,cpre-vs-r0,all,floor,3969,26.212527577637314,3910,3950.725542480126,3950.5929769221693
n022,floor-r0,dense,contrast,2048,0,2048,2032.8443182650954,2032.8443182650954
n022,floor-r0,sparse,contrast,1921,26.212527577637314,1862,1917.8812242150307,1917.748658657074
n022,floor-r0,all,contrast,3969,26.212527577637314,3910,3950.725542480126,3950.5929769221693
n022,n-vs-cm,dense,contrast,2048,155.50472906244093,1837,2029.8122304650024,2028.0151275079697
n022,n-vs-cm,dense,floor,2048,0,2048,2032.8443182650954,2032.8443182650954
n022,n-vs-cm,sparse,contrast,1921,115.4456871017331,1809,1917.3098003864288,1915.6198698282242
n022,n-vs-cm,sparse,floor,1921,26.212527577637314,1862,1917.8812242150307,1917.748658657074
n022,n-vs-cm,all,contrast,3969,270.9504161641734,3646,3947.122030851431,3943.634997336194
n022,n-vs-cm,all,floor,3969,26.212527577637314,3910,3950.725542480126,3950.5929769221693
n022,n-vs-r0,dense,contrast,2048,157.6607257121377,1847,2028.8718023076653,2028.3577535459772
n022,n-vs-r0,dense,floor,2048,0,2048,2032.8443182650954,2032.8443182650954
n022,n-vs-r0,sparse,contrast,1921,115.04146048085073,1809,1917.193052828312,1915.7389453053474
n022,n-vs-r0,sparse,floor,1921,26.212527577637314,1862,1917.8812242150307,1917.748658657074
n022,n-vs-r0,all,contrast,3969,272.7021861929888,3656,3946.0648551359773,3944.0966988513246
n022,n-vs-r0,all,floor,3969,26.212527577637314,3910,3950.725542480126,3950.5929769221693
n023,cm-vs-cpre,dense,contrast,2048,29.39546989646035,1976,2039.5870738718659,2039.728293761611
n023,cm-vs-cpre,dense,floor,2048,0,2048,2040.2824127916247,2040.2824127916247
n023,cm-vs-cpre,sparse,contrast,4392,81.02566883254468,4245,4382.549713790417,4383.191413104534
n023,cm-vs-cpre,sparse,floor,4392,75.76846317226827,4222,4383.355424940586,4383.303271055222
n023,cm-vs-cpre,all,contrast,6440,110.4211387290051,6221,6422.136787662283,6422.919706866145
n023,cm-vs-cpre,all,floor,6440,75.76846317226827,6270,6423.637837732211,6423.585683846846
n023,cm-vs-r0,dense,contrast,2048,29.081972633601545,1976,2039.8060225453228,2039.7348986770958
n023,cm-vs-r0,dense,floor,2048,0,2048,2040.2824127916247,2040.2824127916247
n023,cm-vs-r0,sparse,contrast,4392,82.22706732336728,4217,4383.238810360432,4383.048948049545
n023,cm-vs-r0,sparse,floor,4392,75.76846317226827,4222,4383.355424940586,4383.303271055222
n023,cm-vs-r0,all,contrast,6440,111.30903995696919,6193,6423.044832905754,6422.783846726641
n023,cm-vs-r0,all,floor,6440,75.76846317226827,6270,6423.637837732211,6423.585683846846
n023,cpre-vs-r0,dense,contrast,2048,26.68934980595552,1983,2039.7283999901265,2039.501675857231
n023,cpre-vs-r0,dense,floor,2048,0,2048,2040.2824127916247,2040.2824127916247
n023,cpre-vs-r0,sparse,contrast,4392,80.65392084702343,4237,4383.149258613586,4382.042892694473
n023,cpre-vs-r0,sparse,floor,4392,75.76846317226827,4222,4383.355424940586,4383.303271055222
n023,cpre-vs-r0,all,contrast,6440,107.34327065297882,6220,6422.877658603713,6421.544568551704
n023,cpre-vs-r0,all,floor,6440,75.76846317226827,6270,6423.637837732211,6423.585683846846
n023,floor-r0,dense,contrast,2048,0,2048,2040.2824127916247,2040.2824127916247
n023,floor-r0,sparse,contrast,4392,75.76846317226827,4222,4383.355424940586,4383.303271055222
n023,floor-r0,all,contrast,6440,75.76846317226827,6270,6423.637837732211,6423.585683846846
n023,n-vs-cm,dense,contrast,2048,87.62324238959755,1930,2038.6911115022376,2038.8954051081091
n023,n-vs-cm,dense,floor,2048,0,2048,2040.2824127916247,2040.2824127916247
n023,n-vs-cm,sparse,contrast,4392,235.34623337484678,4121,4380.3393204808235,4377.803937911987
n023,n-vs-cm,sparse,floor,4392,75.76846317226827,4222,4383.355424940586,4383.303271055222
n023,n-vs-cm,all,contrast,6440,322.9694757644445,6051,6419.030431983061,6416.699343020096
n023,n-vs-cm,all,floor,6440,75.76846317226827,6270,6423.637837732211,6423.585683846846
n023,n-vs-r0,dense,contrast,2048,89.83521700585194,1929,2038.945226766169,2039.2695622229949
n023,n-vs-r0,dense,floor,2048,0,2048,2040.2824127916247,2040.2824127916247
n023,n-vs-r0,sparse,contrast,4392,242.1489754291702,4100,4380.165426850319,4377.629775881767
n023,n-vs-r0,sparse,floor,4392,75.76846317226827,4222,4383.355424940586,4383.303271055222
n023,n-vs-r0,all,contrast,6440,331.9841924350237,6029,6419.110653616488,6416.899338104762
n023,n-vs-r0,all,floor,6440,75.76846317226827,6270,6423.637837732211,6423.585683846846
n024,cm-vs-cpre,dense,contrast,2047,48.05050411301386,1936,2027.5882442332804,2027.1064137797803
n024,cm-vs-cpre,dense,floor,2047,0,2047,2029.196752782911,2029.196752782911
n024,cm-vs-cpre,sparse,contrast,0,0,0,0,0
n024,cm-vs-cpre,sparse,floor,0,0,0,0,0
n024,cm-vs-cpre,all,contrast,2047,48.05050411301386,1936,2027.5882442332804,2027.1064137797803
n024,cm-vs-cpre,all,floor,2047,0,2047,2029.196752782911,2029.196752782911
n024,cm-vs-r0,dense,contrast,2047,48.83457858491233,1931,2027.4728528689593,2027.369714614004
n024,cm-vs-r0,dense,floor,2047,0,2047,2029.196752782911,2029.196752782911
n024,cm-vs-r0,sparse,contrast,0,0,0,0,0
n024,cm-vs-r0,sparse,floor,0,0,0,0,0
n024,cm-vs-r0,all,contrast,2047,48.83457858491233,1931,2027.4728528689593,2027.369714614004
n024,cm-vs-r0,all,floor,2047,0,2047,2029.196752782911,2029.196752782911
n024,cpre-vs-r0,dense,contrast,2047,49.321920119243174,1923,2027.366120254621,2027.7027372345328
n024,cpre-vs-r0,dense,floor,2047,0,2047,2029.196752782911,2029.196752782911
n024,cpre-vs-r0,sparse,contrast,0,0,0,0,0
n024,cpre-vs-r0,sparse,floor,0,0,0,0,0
n024,cpre-vs-r0,all,contrast,2047,49.321920119243174,1923,2027.366120254621,2027.7027372345328
n024,cpre-vs-r0,all,floor,2047,0,2047,2029.196752782911,2029.196752782911
n024,crossboot-r0,dense,contrast,2047,0,2047,2029.196752782911,2029.196752782911
n024,crossboot-r0,sparse,contrast,0,0,0,0,0
n024,crossboot-r0,all,contrast,2047,0,2047,2029.196752782911,2029.196752782911
n024,floor-r0,dense,contrast,2047,0,2047,2029.196752782911,2029.196752782911
n024,floor-r0,sparse,contrast,0,0,0,0,0
n024,floor-r0,all,contrast,2047,0,2047,2029.196752782911,2029.196752782911
n024,n-vs-cm,dense,contrast,2047,177.13933825820075,1822,2024.310006853193,2024.5347710326314
n024,n-vs-cm,dense,floor,2047,0,2047,2029.196752782911,2029.196752782911
n024,n-vs-cm,sparse,contrast,0,0,0,0,0
n024,n-vs-cm,sparse,floor,0,0,0,0,0
n024,n-vs-cm,all,contrast,2047,177.13933825820075,1822,2024.310006853193,2024.5347710326314
n024,n-vs-cm,all,floor,2047,0,2047,2029.196752782911,2029.196752782911
n024,n-vs-r0,dense,contrast,2047,180.4009984722224,1825,2024.319202796556,2023.9509743787348
n024,n-vs-r0,dense,floor,2047,0,2047,2029.196752782911,2029.196752782911
n024,n-vs-r0,sparse,contrast,0,0,0,0,0
n024,n-vs-r0,sparse,floor,0,0,0,0,0
n024,n-vs-r0,all,contrast,2047,180.4009984722224,1825,2024.319202796556,2023.9509743787348
n024,n-vs-r0,all,floor,2047,0,2047,2029.196752782911,2029.196752782911
n025,cm-vs-cpre,dense,contrast,2048,49.430315021309276,1927,2021.9989587757736,2022.4811701327562
n025,cm-vs-cpre,dense,floor,2048,0,2048,2024.7281161192805,2024.7281161192805
n025,cm-vs-cpre,sparse,contrast,1696,42.111981794695986,1600,1686.3279334902763,1685.8001337051392
n025,cm-vs-cpre,sparse,floor,1696,34.382875689865934,1614,1686.1027565002441,1686.2592091560364
n025,cm-vs-cpre,all,contrast,3744,91.54229681600488,3527,3708.32689226605,3708.2813038378954
n025,cm-vs-cpre,all,floor,3744,34.382875689865934,3662,3710.8308726195246,3710.987325275317
n025,cm-vs-r0,dense,contrast,2048,55.06152839999348,1897,2022.1862092223018,2022.3929374720901
n025,cm-vs-r0,dense,floor,2048,0,2048,2024.7281161192805,2024.7281161192805
n025,cm-vs-r0,sparse,contrast,1696,43.460470606019996,1607,1685.7395505905151,1685.7936711907387
n025,cm-vs-r0,sparse,floor,1696,34.382875689865934,1614,1686.1027565002441,1686.2592091560364
n025,cm-vs-r0,all,contrast,3744,98.52199900601344,3504,3707.925759812817,3708.186608662829
n025,cm-vs-r0,all,floor,3744,34.382875689865934,3662,3710.8308726195246,3710.987325275317
n025,cpre-vs-r0,dense,contrast,2048,52.71726249486401,1912,2022.230153201148,2022.0938835274428
n025,cpre-vs-r0,dense,floor,2048,0,2048,2024.7281161192805,2024.7281161192805
n025,cpre-vs-r0,sparse,contrast,1696,39.910319124815764,1601,1685.79819637537,1686.2215640544891
n025,cpre-vs-r0,sparse,floor,1696,34.382875689865934,1614,1686.1027565002441,1686.2592091560364
n025,cpre-vs-r0,all,contrast,3744,92.62758161967982,3513,3708.028349576518,3708.315447581932
n025,cpre-vs-r0,all,floor,3744,34.382875689865934,3662,3710.8308726195246,3710.987325275317
n025,crossboot-r0,dense,contrast,2048,0,2048,2024.7281161192805,2024.7281161192805
n025,crossboot-r0,sparse,contrast,1696,30.300938597230402,1618,1686.0676629543304,1686.284361422062
n025,crossboot-r0,all,contrast,3744,30.300938597230402,3666,3710.795779073611,3711.0124775413424
n025,floor-r0,dense,contrast,2048,0,2048,2024.7281161192805,2024.7281161192805
n025,floor-r0,sparse,contrast,1696,34.382875689865934,1614,1686.1027565002441,1686.2592091560364
n025,floor-r0,all,contrast,3744,34.382875689865934,3662,3710.8308726195246,3710.987325275317
n025,n-vs-cm,dense,contrast,2048,167.4657801810196,1827,2018.7537920447066,2018.6866393308155
n025,n-vs-cm,dense,floor,2048,0,2048,2024.7281161192805,2024.7281161192805
n025,n-vs-cm,sparse,contrast,1696,132.8746203800237,1510,1683.7238842248917,1683.0399640202522
n025,n-vs-cm,sparse,floor,1696,34.382875689865934,1614,1686.1027565002441,1686.2592091560364
n025,n-vs-cm,all,contrast,3744,300.3404005610428,3337,3702.4776762695983,3701.7266033510678
n025,n-vs-cm,all,floor,3744,34.382875689865934,3662,3710.8308726195246,3710.987325275317
n025,n-vs-r0,dense,contrast,2048,162.18295761378417,1833,2018.739259056747,2018.1119433888234
n025,n-vs-r0,dense,floor,2048,0,2048,2024.7281161192805,2024.7281161192805
n025,n-vs-r0,sparse,contrast,1696,140.53262794875388,1531,1683.3610862791538,1682.9956668019295
n025,n-vs-r0,sparse,floor,1696,34.382875689865934,1614,1686.1027565002441,1686.2592091560364
n025,n-vs-r0,all,contrast,3744,302.7155855625385,3364,3702.100345335901,3701.107610190753
n025,n-vs-r0,all,floor,3744,34.382875689865934,3662,3710.8308726195246,3710.987325275317
n026,cm-vs-cpre,dense,contrast,2048,48.509523121536596,1942,2035.7410715911537,2036.5426699966192
n026,cm-vs-cpre,dense,floor,2048,0,2048,2037.3741243127733,2037.3741243127733
n026,cm-vs-cpre,sparse,contrast,6192,160.16877809728078,5857,6179.123126268387,6179.116261541843
n026,cm-vs-cpre,sparse,floor,6192,154.16416948022032,5854,6179.824167966843,6179.488151371479
n026,cm-vs-cpre,all,contrast,8240,208.67830121881778,7799,8214.86419785954,8215.658931538463
n026,cm-vs-cpre,all,floor,8240,154.16416948022032,7902,8217.198292279616,8216.862275684252
n026,cm-vs-r0,dense,contrast,2048,54.25531112136089,1955,2035.9668222274631,2036.3464798238128
n026,cm-vs-r0,dense,floor,2048,0,2048,2037.3741243127733,2037.3741243127733
n026,cm-vs-r0,sparse,contrast,6192,171.98953419387814,5819,6179.6698743104935,6179.221247017384
n026,cm-vs-r0,sparse,floor,6192,154.16416948022032,5854,6179.824167966843,6179.488151371479
n026,cm-vs-r0,all,contrast,8240,226.2448453152402,7774,8215.636696537957,8215.567726841196
n026,cm-vs-r0,all,floor,8240,154.16416948022032,7902,8217.198292279616,8216.862275684252
n026,cpre-vs-r0,dense,contrast,2048,43.4974541637147,1947,2036.2657443266362,2035.70373804681
n026,cpre-vs-r0,dense,floor,2048,0,2048,2037.3741243127733,2037.3741243127733
n026,cpre-vs-r0,sparse,contrast,6192,167.93395305748436,5848,6179.662666916847,6179.131931841373
n026,cpre-vs-r0,sparse,floor,6192,154.16416948022032,5854,6179.824167966843,6179.488151371479
n026,cpre-vs-r0,all,contrast,8240,211.43140722119904,7795,8215.928411243483,8214.835669888183
n026,cpre-vs-r0,all,floor,8240,154.16416948022032,7902,8217.198292279616,8216.862275684252
n026,floor-r0,dense,contrast,2048,0,2048,2037.3741243127733,2037.3741243127733
n026,floor-r0,sparse,contrast,6192,154.16416948022032,5854,6179.824167966843,6179.488151371479
n026,floor-r0,all,contrast,8240,154.16416948022032,7902,8217.198292279616,8216.862275684252
n026,n-vs-cm,dense,contrast,2048,158.10216968235065,1871,2034.7442195387557,2033.6799760949798
n026,n-vs-cm,dense,floor,2048,0,2048,2037.3741243127733,2037.3741243127733
n026,n-vs-cm,sparse,contrast,6192,454.4165316245285,5584,6175.638151884079,6173.403267741203
n026,n-vs-cm,sparse,floor,6192,154.16416948022032,5854,6179.824167966843,6179.488151371479
n026,n-vs-cm,all,contrast,8240,612.518701306879,7455,8210.382371422835,8207.083243836183
n026,n-vs-cm,all,floor,8240,154.16416948022032,7902,8217.198292279616,8216.862275684252
n026,n-vs-r0,dense,contrast,2048,150.86212865393182,1869,2034.374880231917,2033.2545901839621
n026,n-vs-r0,dense,floor,2048,0,2048,2037.3741243127733,2037.3741243127733
n026,n-vs-r0,sparse,contrast,6192,465.95333184901057,5596,6176.520457923412,6173.724295735359
n026,n-vs-r0,sparse,floor,6192,154.16416948022032,5854,6179.824167966843,6179.488151371479
n026,n-vs-r0,all,contrast,8240,616.8154605029429,7465,8210.89533815533,8206.978885919321
n026,n-vs-r0,all,floor,8240,154.16416948022032,7902,8217.198292279616,8216.862275684252
n027,cm-vs-cpre,dense,contrast,2048,47.032376665925135,1942,2031.490143129602,2031.9336337298155
n027,cm-vs-cpre,dense,floor,2048,0,2048,2033.0317234639078,2033.0317234639078
n027,cm-vs-cpre,sparse,contrast,2395,60.341539891286196,2279,2380.9962889552116,2381.886966407299
n027,cm-vs-cpre,sparse,floor,2395,49.38884345860984,2273,2381.703247010708,2381.5333097577095
n027,cm-vs-cpre,all,contrast,4443,107.37391655721125,4221,4412.486432084814,4413.8206001371145
n027,cm-vs-cpre,all,floor,4443,49.38884345860984,4321,4414.734970474616,4414.565033221617
n027,cm-vs-r0,dense,contrast,2048,51.99887255419958,1926,2031.6645261850208,2031.7460354473442
n027,cm-vs-r0,dense,floor,2048,0,2048,2033.0317234639078,2033.0317234639078
n027,cm-vs-r0,sparse,contrast,2395,57.37063874673736,2283,2381.352810561657,2381.682334303856
n027,cm-vs-r0,sparse,floor,2395,49.38884345860984,2273,2381.703247010708,2381.5333097577095
n027,cm-vs-r0,all,contrast,4443,109.3695113009373,4209,4413.017336746678,4413.4283697512
n027,cm-vs-r0,all,floor,4443,49.38884345860984,4321,4414.734970474616,4414.565033221617
n027,cpre-vs-r0,dense,contrast,2048,46.53100833266969,1951,2031.6537570934743,2031.2983495425433
n027,cpre-vs-r0,dense,floor,2048,0,2048,2033.0317234639078,2033.0317234639078
n027,cpre-vs-r0,sparse,contrast,2395,57.314572530035164,2270,2381.463189601898,2381.032166957855
n027,cpre-vs-r0,sparse,floor,2395,49.38884345860984,2273,2381.703247010708,2381.5333097577095
n027,cpre-vs-r0,all,contrast,4443,103.84558086270475,4221,4413.1169466953725,4412.3305165003985
n027,cpre-vs-r0,all,floor,4443,49.38884345860984,4321,4414.734970474616,4414.565033221617
n027,floor-r0,dense,contrast,2048,0,2048,2033.0317234639078,2033.0317234639078
n027,floor-r0,sparse,contrast,2395,49.38884345860984,2273,2381.703247010708,2381.5333097577095
n027,floor-r0,all,contrast,4443,49.38884345860984,4321,4414.734970474616,4414.565033221617
n027,n-vs-cm,dense,contrast,2048,161.87375490252427,1850,2029.8586367918178,2029.3713318281807
n027,n-vs-cm,dense,floor,2048,0,2048,2033.0317234639078,2033.0317234639078
n027,n-vs-cm,sparse,contrast,2395,184.46976703359377,2170,2379.451336503029,2376.2780063152313
n027,n-vs-cm,sparse,floor,2395,49.38884345860984,2273,2381.703247010708,2381.5333097577095
n027,n-vs-cm,all,contrast,4443,346.3435219361185,4020,4409.309973294847,4405.649338143412
n027,n-vs-cm,all,floor,4443,49.38884345860984,4321,4414.734970474616,4414.565033221617
n027,n-vs-r0,dense,contrast,2048,166.8424636801756,1836,2029.9149747267365,2029.617858265061
n027,n-vs-r0,dense,floor,2048,0,2048,2033.0317234639078,2033.0317234639078
n027,n-vs-r0,sparse,contrast,2395,181.7620834525686,2166,2378.9639376997948,2376.5162857174873
n027,n-vs-r0,sparse,floor,2395,49.38884345860984,2273,2381.703247010708,2381.5333097577095
n027,n-vs-r0,all,contrast,4443,348.6045471327453,4002,4408.878912426531,4406.134143982548
n027,n-vs-r0,all,floor,4443,49.38884345860984,4321,4414.734970474616,4414.565033221617
n028,cm-vs-cpre,dense,contrast,2048,52.717603541917285,1937,2036.2594904396683,2036.0778846889734
n028,cm-vs-cpre,dense,floor,2048,0,2048,2037.0545073393732,2037.0545073393732
n028,cm-vs-cpre,sparse,contrast,2932,69.85129099710724,2787,2922.4306552410126,2922.2607976794243
n028,cm-vs-cpre,sparse,floor,2932,61.456096133181845,2806,2922.3957148194313,2922.247589766979
n028,cm-vs-cpre,all,contrast,4980,122.56889453902427,4724,4958.690145680681,4958.338682368398
n028,cm-vs-cpre,all,floor,4980,61.456096133181845,4854,4959.4502221588045,4959.302097106352
n028,cm-vs-r0,dense,contrast,2048,54.295882765082254,1939,2036.2233801390976,2036.1322182621807
n028,cm-vs-r0,dense,floor,2048,0,2048,2037.0545073393732,2037.0545073393732
n028,cm-vs-r0,sparse,contrast,2932,72.90930349467959,2782,2922.310521543026,2922.2220689058304
n028,cm-vs-r0,sparse,floor,2932,61.456096133181845,2806,2922.3957148194313,2922.247589766979
n028,cm-vs-r0,all,contrast,4980,127.20518625976223,4721,4958.5339016821235,4958.354287168011
n028,cm-vs-r0,all,floor,4980,61.456096133181845,4854,4959.4502221588045,4959.302097106352
n028,cpre-vs-r0,dense,contrast,2048,52.60503230691475,1937,2036.1848142724484,2036.2696072291583
n028,cpre-vs-r0,dense,floor,2048,0,2048,2037.0545073393732,2037.0545073393732
n028,cpre-vs-r0,sparse,contrast,2932,72.31536327761499,2788,2922.331126689911,2922.5562049746513
n028,cpre-vs-r0,sparse,floor,2932,61.456096133181845,2806,2922.3957148194313,2922.247589766979
n028,cpre-vs-r0,all,contrast,4980,124.92039558452946,4725,4958.515940962359,4958.82581220381
n028,cpre-vs-r0,all,floor,4980,61.456096133181845,4854,4959.4502221588045,4959.302097106352
n028,floor-r0,dense,contrast,2048,0,2048,2037.0545073393732,2037.0545073393732
n028,floor-r0,sparse,contrast,2932,61.456096133181845,2806,2922.3957148194313,2922.247589766979
n028,floor-r0,all,contrast,4980,61.456096133181845,4854,4959.4502221588045,4959.302097106352
n028,n-vs-cm,dense,contrast,2048,207.8810425759673,1833,2034.642510614358,2033.1773359002545
n028,n-vs-cm,dense,floor,2048,0,2048,2037.0545073393732,2037.0545073393732
n028,n-vs-cm,sparse,contrast,2932,244.1621993055835,2647,2919.761851489544,2915.395981825888
n028,n-vs-cm,sparse,floor,2932,61.456096133181845,2806,2922.3957148194313,2922.247589766979
n028,n-vs-cm,all,contrast,4980,452.0432418815493,4480,4954.404362103902,4948.573317726143
n028,n-vs-cm,all,floor,4980,61.456096133181845,4854,4959.4502221588045,4959.302097106352
n028,n-vs-r0,dense,contrast,2048,196.36039560551134,1844,2034.5433209296316,2033.0012575555593
n028,n-vs-r0,dense,floor,2048,0,2048,2037.0545073393732,2037.0545073393732
n028,n-vs-r0,sparse,contrast,2932,237.7150594836231,2658,2920.5792183876038,2916.5045264959335
n028,n-vs-r0,sparse,floor,2932,61.456096133181845,2806,2922.3957148194313,2922.247589766979
n028,n-vs-r0,all,contrast,4980,434.0754550891337,4502,4955.122539317235,4949.505784051493
n028,n-vs-r0,all,floor,4980,61.456096133181845,4854,4959.4502221588045,4959.302097106352
n029,cm-vs-cpre,dense,contrast,2048,50.13616290609515,1928,2029.9538292381912,2029.9330804795027
n029,cm-vs-cpre,dense,floor,2048,0,2048,2031.6010526511818,2031.6010526511818
n029,cm-vs-cpre,sparse,contrast,1089,32.05691448804956,1043,1084.7732957601547,1084.2865248918533
n029,cm-vs-cpre,sparse,floor,1089,29.027588167008275,1047,1084.707130432129,1084.7364224791527
n029,cm-vs-cpre,all,contrast,3137,82.19307739414478,2971,3114.727124998346,3114.219605371356
n029,cm-vs-cpre,all,floor,3137,29.027588167008275,3095,3116.3081830833107,3116.3374751303345
n029,cm-vs-r0,dense,contrast,2048,53.329539086716395,1922,2029.4792589154094,2029.7394424434751
n029,cm-vs-r0,dense,floor,2048,0,2048,2031.6010526511818,2031.6010526511818
n029,cm-vs-r0,sparse,contrast,1089,27.896758991240745,1050,1084.5050595402718,1084.391780257225
n029,cm-vs-r0,sparse,floor,1089,29.027588167008275,1047,1084.707130432129,1084.7364224791527
n029,cm-vs-r0,all,contrast,3137,81.22629807795724,2972,3113.984318455681,3114.1312227007
n029,cm-vs-r0,all,floor,3137,29.027588167008275,3095,3116.3081830833107,3116.3374751303345
n029,cpre-vs-r0,dense,contrast,2048,48.19519663034195,1923,2029.6513753514737,2029.8127908688039
n029,cpre-vs-r0,dense,floor,2048,0,2048,2031.6010526511818,2031.6010526511818
n029,cpre-vs-r0,sparse,contrast,1089,27.586070727338182,1050,1084.6069402098656,1084.9334862828255
n029,cpre-vs-r0,sparse,floor,1089,29.027588167008275,1047,1084.707130432129,1084.7364224791527
n029,cpre-vs-r0,all,contrast,3137,75.78126735768014,2973,3114.2583155613393,3114.7462771516293
n029,cpre-vs-r0,all,floor,3137,29.027588167008275,3095,3116.3081830833107,3116.3374751303345
n029,crossboot-r0,dense,contrast,2048,0,2048,2031.6010526511818,2031.6010526511818
n029,crossboot-r0,sparse,contrast,1089,22.855051070946676,1048,1084.7939629554749,1084.9425984025002
n029,crossboot-r0,all,contrast,3137,22.855051070946676,3096,3116.3950156066567,3116.543651053682
n029,floor-r0,dense,contrast,2048,0,2048,2031.6010526511818,2031.6010526511818
n029,floor-r0,sparse,contrast,1089,29.027588167008275,1047,1084.707130432129,1084.7364224791527
n029,floor-r0,all,contrast,3137,29.027588167008275,3095,3116.3081830833107,3116.3374751303345
n029,n-vs-cm,dense,contrast,2048,173.47338861079578,1834,2027.0802449407056,2026.885456893593
n029,n-vs-cm,dense,floor,2048,0,2048,2031.6010526511818,2031.6010526511818
n029,n-vs-cm,sparse,contrast,1089,83.16970115542945,1007,1083.0765931010246,1082.6435195803642
n029,n-vs-cm,sparse,floor,1089,29.027588167008275,1047,1084.707130432129,1084.7364224791527
n029,n-vs-cm,all,contrast,3137,256.6430897662251,2841,3110.15683804173,3109.5289764739573
n029,n-vs-cm,all,floor,3137,29.027588167008275,3095,3116.3081830833107,3116.3374751303345
n029,n-vs-r0,dense,contrast,2048,166.37880852718075,1848,2027.25660931319,2027.0129387294874
n029,n-vs-r0,dense,floor,2048,0,2048,2031.6010526511818,2031.6010526511818
n029,n-vs-r0,sparse,contrast,1089,81.99607337169225,1003,1083.3402046561241,1082.8667607307434
n029,n-vs-r0,sparse,floor,1089,29.027588167008275,1047,1084.707130432129,1084.7364224791527
n029,n-vs-r0,all,contrast,3137,248.374881898873,2851,3110.596813969314,3109.8796994602308
n029,n-vs-r0,all,floor,3137,29.027588167008275,3095,3116.3081830833107,3116.3374751303345
n030,cm-vs-cpre,dense,contrast,2010,47.890670544818974,1879,1990.5382191520184,1990.373013811186
n030,cm-vs-cpre,dense,floor,2010,0,2010,1992.77714943327,1992.77714943327
n030,cm-vs-cpre,sparse,contrast,0,0,0,0,0
n030,cm-vs-cpre,sparse,floor,0,0,0,0,0
n030,cm-vs-cpre,all,contrast,2010,47.890670544818974,1879,1990.5382191520184,1990.373013811186
n030,cm-vs-cpre,all,floor,2010,0,2010,1992.77714943327,1992.77714943327
n030,cm-vs-r0,dense,contrast,2010,51.36680881751255,1871,1990.3259264510125,1990.1055440250784
n030,cm-vs-r0,dense,floor,2010,0,2010,1992.77714943327,1992.77714943327
n030,cm-vs-r0,sparse,contrast,0,0,0,0,0
n030,cm-vs-r0,sparse,floor,0,0,0,0,0
n030,cm-vs-r0,all,contrast,2010,51.36680881751255,1871,1990.3259264510125,1990.1055440250784
n030,cm-vs-r0,all,floor,2010,0,2010,1992.77714943327,1992.77714943327
n030,cpre-vs-r0,dense,contrast,2010,49.519052836524196,1883,1991.263333439827,1991.429228208959
n030,cpre-vs-r0,dense,floor,2010,0,2010,1992.77714943327,1992.77714943327
n030,cpre-vs-r0,sparse,contrast,0,0,0,0,0
n030,cpre-vs-r0,sparse,floor,0,0,0,0,0
n030,cpre-vs-r0,all,contrast,2010,49.519052836524196,1883,1991.263333439827,1991.429228208959
n030,cpre-vs-r0,all,floor,2010,0,2010,1992.77714943327,1992.77714943327
n030,crossboot-r0,dense,contrast,2010,0,2010,1992.77714943327,1992.77714943327
n030,crossboot-r0,sparse,contrast,0,0,0,0,0
n030,crossboot-r0,all,contrast,2010,0,2010,1992.77714943327,1992.77714943327
n030,floor-r0,dense,contrast,2010,0,2010,1992.77714943327,1992.77714943327
n030,floor-r0,sparse,contrast,0,0,0,0,0
n030,floor-r0,all,contrast,2010,0,2010,1992.77714943327,1992.77714943327
n030,n-vs-cm,dense,contrast,2010,190.4102619522174,1768,1987.4542449307628,1986.24108426366
n030,n-vs-cm,dense,floor,2010,0,2010,1992.77714943327,1992.77714943327
n030,n-vs-cm,sparse,contrast,0,0,0,0,0
n030,n-vs-cm,sparse,floor,0,0,0,0,0
n030,n-vs-cm,all,contrast,2010,190.4102619522174,1768,1987.4542449307628,1986.24108426366
n030,n-vs-cm,all,floor,2010,0,2010,1992.77714943327,1992.77714943327
n030,n-vs-r0,dense,contrast,2010,192.23740192547314,1762,1987.040276614949,1985.6607774649747
n030,n-vs-r0,dense,floor,2010,0,2010,1992.77714943327,1992.77714943327
n030,n-vs-r0,sparse,contrast,0,0,0,0,0
n030,n-vs-r0,sparse,floor,0,0,0,0,0
n030,n-vs-r0,all,contrast,2010,192.23740192547314,1762,1987.040276614949,1985.6607774649747
n030,n-vs-r0,all,floor,2010,0,2010,1992.77714943327,1992.77714943327
n031,cm-vs-cpre,dense,contrast,2048,62.95026754905414,1927,2028.3856544587761,2028.9671698063612
n031,cm-vs-cpre,dense,floor,2048,0,2048,2030.102558458224,2030.102558458224
n031,cm-vs-cpre,sparse,contrast,2918,100.77985702333322,2726,2890.5622967481613,2890.513813793659
n031,cm-vs-cpre,sparse,floor,2918,81.27290211336154,2746,2891.607668250799,2892.026202082634
n031,cm-vs-cpre,all,contrast,4966,163.73012457238744,4653,4918.947951206937,4919.48098360002
n031,cm-vs-cpre,all,floor,4966,81.27290211336154,4794,4921.710226709023,4922.128760540858
n031,cm-vs-r0,dense,contrast,2048,64.78692168677928,1933,2028.3463635649532,2028.9922970440239
n031,cm-vs-r0,dense,floor,2048,0,2048,2030.102558458224,2030.102558458224
n031,cm-vs-r0,sparse,contrast,2918,99.70052741034249,2718,2890.8447528481483,2890.4627828896046
n031,cm-vs-r0,sparse,floor,2918,81.27290211336154,2746,2891.607668250799,2892.026202082634
n031,cm-vs-r0,all,contrast,4966,164.48744909712133,4651,4919.191116413102,4919.455079933628
n031,cm-vs-r0,all,floor,4966,81.27290211336154,4794,4921.710226709023,4922.128760540858
n031,cpre-vs-r0,dense,contrast,2048,59.70037312061893,1944,2028.5076403003186,2028.5123710166663
n031,cpre-vs-r0,dense,floor,2048,0,2048,2030.102558458224,2030.102558458224
n031,cpre-vs-r0,sparse,contrast,2918,102.85940195064559,2712,2891.1431143283844,2890.8539100289345
n031,cpre-vs-r0,sparse,floor,2918,81.27290211336154,2746,2891.607668250799,2892.026202082634
n031,cpre-vs-r0,all,contrast,4966,162.55977507126383,4656,4919.650754628703,4919.366281045601
n031,cpre-vs-r0,all,floor,4966,81.27290211336154,4794,4921.710226709023,4922.128760540858
n031,crossboot-r0,dense,contrast,2048,0,2048,2030.102558458224,2030.102558458224
n031,crossboot-r0,sparse,contrast,2918,79.85486090404777,2751,2891.5393199920654,2891.7319063842297
n031,crossboot-r0,all,contrast,4966,79.85486090404777,4799,4921.641878450289,4921.834464842454
n031,floor-r0,dense,contrast,2048,0,2048,2030.102558458224,2030.102558458224
n031,floor-r0,sparse,contrast,2918,81.27290211336154,2746,2891.607668250799,2892.026202082634
n031,floor-r0,all,contrast,4966,81.27290211336154,4794,4921.710226709023,4922.128760540858
n031,n-vs-cm,dense,contrast,2048,234.05059553004256,1827,2025.4950957512483,2024.3005402735434
n031,n-vs-cm,dense,floor,2048,0,2048,2030.102558458224,2030.102558458224
n031,n-vs-cm,sparse,contrast,2918,358.3789449916622,2531,2882.9132666885853,2883.28580480814
n031,n-vs-cm,sparse,floor,2918,81.27290211336154,2746,2891.607668250799,2892.026202082634
n031,n-vs-cm,all,contrast,4966,592.4295405217043,4358,4908.408362439834,4907.586345081683
n031,n-vs-cm,all,floor,4966,81.27290211336154,4794,4921.710226709023,4922.128760540858
n031,n-vs-r0,dense,contrast,2048,222.61459654026865,1849,2024.2872600313276,2024.1645177402534
n031,n-vs-r0,dense,floor,2048,0,2048,2030.102558458224,2030.102558458224
n031,n-vs-r0,sparse,contrast,2918,365.33965608299394,2525,2883.2586918473244,2883.180267959833
n031,n-vs-r0,sparse,floor,2918,81.27290211336154,2746,2891.607668250799,2892.026202082634
n031,n-vs-r0,all,contrast,4966,587.9542526232651,4374,4907.545951878652,4907.3447857000865
n031,n-vs-r0,all,floor,4966,81.27290211336154,4794,4921.710226709023,4922.128760540858
n032,cm-vs-cpre,dense,contrast,2023,29.536653147611023,1975,2013.9756270255893,2013.1512124855071
n032,cm-vs-cpre,dense,floor,2023,0,2023,2014.4508100990206,2014.4508100990206
n032,cm-vs-cpre,sparse,contrast,0,0,0,0,0
n032,cm-vs-cpre,sparse,floor,0,0,0,0,0
n032,cm-vs-cpre,all,contrast,2023,29.536653147611023,1975,2013.9756270255893,2013.1512124855071
n032,cm-vs-cpre,all,floor,2023,0,2023,2014.4508100990206,2014.4508100990206
n032,cm-vs-r0,dense,contrast,2023,39.647408289242904,1966,2013.720757080242,2013.2482814434916
n032,cm-vs-r0,dense,floor,2023,0,2023,2014.4508100990206,2014.4508100990206
n032,cm-vs-r0,sparse,contrast,0,0,0,0,0
n032,cm-vs-r0,sparse,floor,0,0,0,0,0
n032,cm-vs-r0,all,contrast,2023,39.647408289242904,1966,2013.720757080242,2013.2482814434916
n032,cm-vs-r0,all,floor,2023,0,2023,2014.4508100990206,2014.4508100990206
n032,cpre-vs-r0,dense,contrast,2023,40.85549196008145,1963,2013.8158899843693,2013.9623960778117
n032,cpre-vs-r0,dense,floor,2023,0,2023,2014.4508100990206,2014.4508100990206
n032,cpre-vs-r0,sparse,contrast,0,0,0,0,0
n032,cpre-vs-r0,sparse,floor,0,0,0,0,0
n032,cpre-vs-r0,all,contrast,2023,40.85549196008145,1963,2013.8158899843693,2013.9623960778117
n032,cpre-vs-r0,all,floor,2023,0,2023,2014.4508100990206,2014.4508100990206
n032,crossboot-r0,dense,contrast,2023,0,2023,2014.4508100990206,2014.4508100990206
n032,crossboot-r0,sparse,contrast,0,0,0,0,0
n032,crossboot-r0,all,contrast,2023,0,2023,2014.4508100990206,2014.4508100990206
n032,floor-r0,dense,contrast,2023,0,2023,2014.4508100990206,2014.4508100990206
n032,floor-r0,sparse,contrast,0,0,0,0,0
n032,floor-r0,all,contrast,2023,0,2023,2014.4508100990206,2014.4508100990206
n032,n-vs-cm,dense,contrast,2023,110.39931378743151,1916,2012.598626456689,2013.9041732260957
n032,n-vs-cm,dense,floor,2023,0,2023,2014.4508100990206,2014.4508100990206
n032,n-vs-cm,sparse,contrast,0,0,0,0,0
n032,n-vs-cm,sparse,floor,0,0,0,0,0
n032,n-vs-cm,all,contrast,2023,110.39931378743151,1916,2012.598626456689,2013.9041732260957
n032,n-vs-cm,all,floor,2023,0,2023,2014.4508100990206,2014.4508100990206
n032,n-vs-r0,dense,contrast,2023,120.60547657356707,1909,2012.3563650622964,2013.9891827730462
n032,n-vs-r0,dense,floor,2023,0,2023,2014.4508100990206,2014.4508100990206
n032,n-vs-r0,sparse,contrast,0,0,0,0,0
n032,n-vs-r0,sparse,floor,0,0,0,0,0
n032,n-vs-r0,all,contrast,2023,120.60547657356707,1909,2012.3563650622964,2013.9891827730462
n032,n-vs-r0,all,floor,2023,0,2023,2014.4508100990206,2014.4508100990206
n033,cm-vs-cpre,dense,contrast,2048,24.94913102503288,2003,2041.4907587263733,2041.6700442880392
n033,cm-vs-cpre,dense,floor,2048,0,2048,2041.7580117825419,2041.7580117825419
n033,cm-vs-cpre,sparse,contrast,6207,49.940430209481946,6097,6202.278812289238,6201.85702419281
n033,cm-vs-cpre,sparse,floor,6207,50.77648402678879,6083,6202.015800714493,6202.007602035999
n033,cm-vs-cpre,all,contrast,8255,74.8895612345148,8100,8243.769571015611,8243.52706848085
n033,cm-vs-cpre,all,floor,8255,50.77648402678879,8131,8243.773812497035,8243.765613818541
n033,cm-vs-r0,dense,contrast,2048,19.761476864920173,2006,2041.422296633944,2041.594489267096
n033,cm-vs-r0,dense,floor,2048,0,2048,2041.7580117825419,2041.7580117825419
n033,cm-vs-r0,sparse,contrast,6207,55.41911691834426,6087,6202.046469330788,6201.759835422039
n033,cm-vs-r0,sparse,floor,6207,50.77648402678879,6083,6202.015800714493,6202.007602035999
n033,cm-vs-r0,all,contrast,8255,75.1805937832644,8093,8243.468765964732,8243.354324689135
n033,cm-vs-r0,all,floor,8255,50.77648402678879,8131,8243.773812497035,8243.765613818541
n033,cpre-vs-r0,dense,contrast,2048,21.194856385154466,2016,2041.4643680732697,2041.453851653263
n033,cpre-vs-r0,dense,floor,2048,0,2048,2041.7580117825419,2041.7580117825419
n033,cpre-vs-r0,sparse,contrast,6207,55.7104831242712,6098,6202.016713917255,6202.231745779514
n033,cpre-vs-r0,sparse,floor,6207,50.77648402678879,6083,6202.015800714493,6202.007602035999
n033,cpre-vs-r0,all,contrast,8255,76.9053395094258,8114,8243.481081990525,8243.685597432777
n033,cpre-vs-r0,all,floor,8255,50.77648402678879,8131,8243.773812497035,8243.765613818541
n033,floor-r0,dense,contrast,2048,0,2048,2041.7580117825419,2041.7580117825419
n033,floor-r0,sparse,contrast,6207,50.77648402678879,6083,6202.015800714493,6202.007602035999
n033,floor-r0,all,contrast,8255,50.77648402678879,8131,8243.773812497035,8243.765613818541
n033,n-vs-cm,dense,contrast,2048,110.95596869827311,1963,2040.9755063625053,2041.3395409802906
n033,n-vs-cm,dense,floor,2048,0,2048,2041.7580117825419,2041.7580117825419
n033,n-vs-cm,sparse,contrast,6207,266.29996742706413,5934,6200.644047319889,6199.824973583221
n033,n-vs-cm,sparse,floor,6207,50.77648402678879,6083,6202.015800714493,6202.007602035999
n033,n-vs-cm,all,contrast,8255,377.2559361253377,7897,8241.619553682394,8241.164514563512
n033,n-vs-cm,all,floor,8255,50.77648402678879,8131,8243.773812497035,8243.765613818541
n033,n-vs-r0,dense,contrast,2048,109.60511605714349,1964,2040.7904685512185,2041.418787155766
n033,n-vs-r0,dense,floor,2048,0,2048,2041.7580117825419,2041.7580117825419
n033,n-vs-r0,sparse,contrast,6207,271.3293292081211,5933,6200.958675920963,6199.738357484341
n033,n-vs-r0,sparse,floor,6207,50.77648402678879,6083,6202.015800714493,6202.007602035999
n033,n-vs-r0,all,contrast,8255,380.9344452652643,7897,8241.749144472182,8241.157144640107
n033,n-vs-r0,all,floor,8255,50.77648402678879,8131,8243.773812497035,8243.765613818541
n034,cm-vs-cpre,dense,contrast,1532,25.676566859155187,1475,1521.469602810219,1521.114993141964
n034,cm-vs-cpre,dense,floor,1532,0,1532,1521.591840641573,1521.591840641573
n034,cm-vs-cpre,sparse,contrast,0,0,0,0,0
n034,cm-vs-cpre,sparse,floor,0,0,0,0,0
n034,cm-vs-cpre,all,contrast,1532,25.676566859155187,1475,1521.469602810219,1521.114993141964
n034,cm-vs-cpre,all,floor,1532,0,1532,1521.591840641573,1521.591840641573
n034,cm-vs-r0,dense,contrast,1532,27.006358972692187,1469,1521.0450875237584,1521.2778309416026
n034,cm-vs-r0,dense,floor,1532,0,1532,1521.591840641573,1521.591840641573
n034,cm-vs-r0,sparse,contrast,0,0,0,0,0
n034,cm-vs-r0,sparse,floor,0,0,0,0,0
n034,cm-vs-r0,all,contrast,1532,27.006358972692187,1469,1521.0450875237584,1521.2778309416026
n034,cm-vs-r0,all,floor,1532,0,1532,1521.591840641573,1521.591840641573
n034,cpre-vs-r0,dense,contrast,1532,27.682054423513506,1486,1520.6242742147297,1521.399928091094
n034,cpre-vs-r0,dense,floor,1532,0,1532,1521.591840641573,1521.591840641573
n034,cpre-vs-r0,sparse,contrast,0,0,0,0,0
n034,cpre-vs-r0,sparse,floor,0,0,0,0,0
n034,cpre-vs-r0,all,contrast,1532,27.682054423513506,1486,1520.6242742147297,1521.399928091094
n034,cpre-vs-r0,all,floor,1532,0,1532,1521.591840641573,1521.591840641573
n034,floor-r0,dense,contrast,1532,0,1532,1521.591840641573,1521.591840641573
n034,floor-r0,sparse,contrast,0,0,0,0,0
n034,floor-r0,all,contrast,1532,0,1532,1521.591840641573,1521.591840641573
n034,n-vs-cm,dense,contrast,1532,122.31405592573931,1413,1520.2029544021934,1520.0608608452603
n034,n-vs-cm,dense,floor,1532,0,1532,1521.591840641573,1521.591840641573
n034,n-vs-cm,sparse,contrast,0,0,0,0,0
n034,n-vs-cm,sparse,floor,0,0,0,0,0
n034,n-vs-cm,all,contrast,1532,122.31405592573931,1413,1520.2029544021934,1520.0608608452603
n034,n-vs-cm,all,floor,1532,0,1532,1521.591840641573,1521.591840641573
n034,n-vs-r0,dense,contrast,1532,128.09531828475068,1403,1519.7936414512806,1519.8983854306862
n034,n-vs-r0,dense,floor,1532,0,1532,1521.591840641573,1521.591840641573
n034,n-vs-r0,sparse,contrast,0,0,0,0,0
n034,n-vs-r0,sparse,floor,0,0,0,0,0
n034,n-vs-r0,all,contrast,1532,128.09531828475068,1403,1519.7936414512806,1519.8983854306862
n034,n-vs-r0,all,floor,1532,0,1532,1521.591840641573,1521.591840641573
n035,cm-vs-cpre,dense,contrast,2048,41.59128888047165,1956,2030.9325108919293,2030.805141583085
n035,cm-vs-cpre,dense,floor,2048,0,2048,2032.1288036946207,2032.1288036946207
n035,cm-vs-cpre,sparse,contrast,791,16.58002514015221,757,786.6850391030312,786.6535637974739
n035,cm-vs-cpre,sparse,floor,791,12.409097019104887,762,786.6501402258873,786.6831543445587
n035,cm-vs-cpre,all,contrast,2839,58.1713140206238,2713,2817.6175499949604,2817.458705380559
n035,cm-vs-cpre,all,floor,2839,12.409097019104887,2810,2818.778943920508,2818.8119580391794
n035,cm-vs-r0,dense,contrast,2048,40.60981197390448,1963,2030.4297108259052,2030.236505350098
n035,cm-vs-r0,dense,floor,2048,0,2048,2032.1288036946207,2032.1288036946207
n035,cm-vs-r0,sparse,contrast,791,13.213764029823537,759,786.6139036417007,786.747756421566
n035,cm-vs-r0,sparse,floor,791,12.409097019104887,762,786.6501402258873,786.6831543445587
n035,cm-vs-r0,all,contrast,2839,53.82357600372803,2722,2817.043614467606,2816.984261771664
n035,cm-vs-r0,all,floor,2839,12.409097019104887,2810,2818.778943920508,2818.8119580391794
n035,cpre-vs-r0,dense,contrast,2048,44.64780845715841,1955,2030.473929701373,2030.8579782675952
n035,cpre-vs-r0,dense,floor,2048,0,2048,2032.1288036946207,2032.1288036946207
n035,cpre-vs-r0,sparse,contrast,791,15.172922334349359,756,786.5651060342789,786.7282825112343
n035,cpre-vs-r0,sparse,floor,791,12.409097019104887,762,786.6501402258873,786.6831543445587
n035,cpre-vs-r0,all,contrast,2839,59.82073079150774,2711,2817.039035735652,2817.5862607788295
n035,cpre-vs-r0,all,floor,2839,12.409097019104887,2810,2818.778943920508,2818.8119580391794
n035,floor-r0,dense,contrast,2048,0,2048,2032.1288036946207,2032.1288036946207
n035,floor-r0,sparse,contrast,791,12.409097019104887,762,786.6501402258873,786.6831543445587
n035,floor-r0,all,contrast,2839,12.409097019104887,2810,2818.778943920508,2818.8119580391794
n035,n-vs-cm,dense,contrast,2048,169.90138189387983,1871,2027.434270481579,2028.4108362845145
n035,n-vs-cm,dense,floor,2048,0,2048,2032.1288036946207,2032.1288036946207
n035,n-vs-cm,sparse,contrast,791,63.29816182925112,729,786.0036292672157,785.8888282775879
n035,n-vs-cm,sparse,floor,791,12.409097019104887,762,786.6501402258873,786.6831543445587
n035,n-vs-cm,all,contrast,2839,233.19954372313097,2600,2813.4378997487947,2814.2996645621024
n035,n-vs-cm,all,floor,2839,12.409097019104887,2810,2818.778943920508,2818.8119580391794
n035,n-vs-r0,dense,contrast,2048,170.3004770924175,1864,2027.6157508268952,2028.2583982129581
n035,n-vs-r0,dense,floor,2048,0,2048,2032.1288036946207,2032.1288036946207
n035,n-vs-r0,sparse,contrast,791,61.659347762511,720,785.7803079485893,785.860865175724
n035,n-vs-r0,sparse,floor,791,12.409097019104887,762,786.6501402258873,786.6831543445587
n035,n-vs-r0,all,contrast,2839,231.9598248549288,2584,2813.3960587754846,2814.119263388682
n035,n-vs-r0,all,floor,2839,12.409097019104887,2810,2818.778943920508,2818.8119580391794
n036,cm-vs-cpre,dense,contrast,1703,31.231422292690816,1634,1686.3386120703071,1685.9012085516006
n036,cm-vs-cpre,dense,floor,1703,0,1703,1686.6025819722563,1686.6025819722563
n036,cm-vs-cpre,sparse,contrast,0,0,0,0,0
n036,cm-vs-cpre,sparse,floor,0,0,0,0,0
n036,cm-vs-cpre,all,contrast,1703,31.231422292690816,1634,1686.3386120703071,1685.9012085516006
n036,cm-vs-cpre,all,floor,1703,0,1703,1686.6025819722563,1686.6025819722563
n036,cm-vs-r0,dense,contrast,1703,31.19379157159201,1630,1685.6887842845172,1685.9384927693754
n036,cm-vs-r0,dense,floor,1703,0,1703,1686.6025819722563,1686.6025819722563
n036,cm-vs-r0,sparse,contrast,0,0,0,0,0
n036,cm-vs-r0,sparse,floor,0,0,0,0,0
n036,cm-vs-r0,all,contrast,1703,31.19379157159201,1630,1685.6887842845172,1685.9384927693754
n036,cm-vs-r0,all,floor,1703,0,1703,1686.6025819722563,1686.6025819722563
n036,cpre-vs-r0,dense,contrast,1703,35.4682156018611,1623,1685.575799703598,1686.3083744868636
n036,cpre-vs-r0,dense,floor,1703,0,1703,1686.6025819722563,1686.6025819722563
n036,cpre-vs-r0,sparse,contrast,0,0,0,0,0
n036,cpre-vs-r0,sparse,floor,0,0,0,0,0
n036,cpre-vs-r0,all,contrast,1703,35.4682156018611,1623,1685.575799703598,1686.3083744868636
n036,cpre-vs-r0,all,floor,1703,0,1703,1686.6025819722563,1686.6025819722563
n036,floor-r0,dense,contrast,1703,0,1703,1686.6025819722563,1686.6025819722563
n036,floor-r0,sparse,contrast,0,0,0,0,0
n036,floor-r0,all,contrast,1703,0,1703,1686.6025819722563,1686.6025819722563
n036,n-vs-cm,dense,contrast,1703,173.2713546202366,1540,1683.0367354373448,1680.5182561376132
n036,n-vs-cm,dense,floor,1703,0,1703,1686.6025819722563,1686.6025819722563
n036,n-vs-cm,sparse,contrast,0,0,0,0,0
n036,n-vs-cm,sparse,floor,0,0,0,0,0
n036,n-vs-cm,all,contrast,1703,173.2713546202366,1540,1683.0367354373448,1680.5182561376132
n036,n-vs-cm,all,floor,1703,0,1703,1686.6025819722563,1686.6025819722563
n036,n-vs-r0,dense,contrast,1703,173.49319484940267,1531,1683.135319210589,1679.7600003411062
n036,n-vs-r0,dense,floor,1703,0,1703,1686.6025819722563,1686.6025819722563
n036,n-vs-r0,sparse,contrast,0,0,0,0,0
n036,n-vs-r0,sparse,floor,0,0,0,0,0
n036,n-vs-r0,all,contrast,1703,173.49319484940267,1531,1683.135319210589,1679.7600003411062
n036,n-vs-r0,all,floor,1703,0,1703,1686.6025819722563,1686.6025819722563
n037,cm-vs-cpre,dense,contrast,2048,32.43146907426859,2010,2037.5842598434538,2037.9400634020567
n037,cm-vs-cpre,dense,floor,2048,0,2048,2039.6235412601382,2039.6235412601382
n037,cm-vs-cpre,sparse,contrast,732,14.846096454433743,709,730.3373596668243,730.3819540143013
n037,cm-vs-cpre,sparse,floor,732,8.814986853971089,719,730.2569863796234,730.310919046402
n037,cm-vs-cpre,all,contrast,2780,47.27756552870227,2719,2767.921619510278,2768.322017416358
n037,cm-vs-cpre,all,floor,2780,8.814986853971089,2767,2769.8805276397616,2769.93446030654
n037,cm-vs-r0,dense,contrast,2048,32.515712975494736,1995,2038.4575149770826,2038.1247218158096
n037,cm-vs-r0,dense,floor,2048,0,2048,2039.6235412601382,2039.6235412601382
n037,cm-vs-r0,sparse,contrast,732,13.662992117805329,711,730.2083618044853,730.3952916264534
n037,cm-vs-r0,sparse,floor,732,8.814986853971089,719,730.2569863796234,730.310919046402
n037,cm-vs-r0,all,contrast,2780,46.1787050933001,2706,2768.665876781568,2768.520013442263
n037,cm-vs-r0,all,floor,2780,8.814986853971089,2767,2769.8805276397616,2769.93446030654
n037,cpre-vs-r0,dense,contrast,2048,31.960688876082028,1999,2038.644598243758,2037.6756294760853
n037,cpre-vs-r0,dense,floor,2048,0,2048,2039.6235412601382,2039.6235412601382
n037,cpre-vs-r0,sparse,contrast,732,10.6819287882341,711,730.2217112183571,730.3621770739555
n037,cpre-vs-r0,sparse,floor,732,8.814986853971089,719,730.2569863796234,730.310919046402
n037,cpre-vs-r0,all,contrast,2780,42.64261766431624,2710,2768.866309462115,2768.037806550041
n037,cpre-vs-r0,all,floor,2780,8.814986853971089,2767,2769.8805276397616,2769.93446030654
n037,floor-r0,dense,contrast,2048,0,2048,2039.6235412601382,2039.6235412601382
n037,floor-r0,sparse,contrast,732,8.814986853971089,719,730.2569863796234,730.310919046402
n037,floor-r0,all,contrast,2780,8.814986853971089,2767,2769.8805276397616,2769.93446030654
n037,n-vs-cm,dense,contrast,2048,117.04897853874665,1960,2036.8488438399509,2038.015536619816
n037,n-vs-cm,dense,floor,2048,0,2048,2039.6235412601382,2039.6235412601382
n037,n-vs-cm,sparse,contrast,732,50.29908335412976,687,730.1130781173706,729.8056338429451
n037,n-vs-cm,sparse,floor,732,8.814986853971089,719,730.2569863796234,730.310919046402
n037,n-vs-cm,all,contrast,2780,167.3480618928763,2647,2766.9619219573215,2767.821170462761
n037,n-vs-cm,all,floor,2780,8.814986853971089,2767,2769.8805276397616,2769.93446030654
n037,n-vs-r0,dense,contrast,2048,111.22207380944432,1952,2036.716814942658,2038.0555724366568
n037,n-vs-r0,dense,floor,2048,0,2048,2039.6235412601382,2039.6235412601382
n037,n-vs-r0,sparse,contrast,732,48.48570236408788,685,729.8514542579651,729.8110901117325
n037,n-vs-r0,sparse,floor,732,8.814986853971089,719,730.2569863796234,730.310919046402
n037,n-vs-r0,all,contrast,2780,159.7077761735322,2637,2766.568269200623,2767.8666625483893
n037,n-vs-r0,all,floor,2780,8.814986853971089,2767,2769.8805276397616,2769.93446030654
n038,cm-vs-cpre,dense,contrast,2048,51.030859260854044,1950,2029.7620797846466,2030.1241343468428
n038,cm-vs-cpre,dense,floor,2048,0,2048,2031.1567579749972,2031.1567579749972
n038,cm-vs-cpre,sparse,contrast,1825,34.35887915481682,1757,1815.0483689308167,1814.9285708069801
n038,cm-vs-cpre,sparse,floor,1825,23.326553854049397,1748,1815.080795288086,1815.0919740200043
n038,cm-vs-cpre,all,contrast,3873,85.38973841567099,3707,3844.8104487154633,3845.052705153823
n038,cm-vs-cpre,all,floor,3873,23.326553854049397,3796,3846.237553263083,3846.2487319950014
n038,cm-vs-r0,dense,contrast,2048,41.61459676057971,1970,2030.053491672501,2030.3699098732322
n038,cm-vs-r0,dense,floor,2048,0,2048,2031.1567579749972,2031.1567579749972
n038,cm-vs-r0,sparse,contrast,1825,32.78090580182828,1765,1814.8952868580818,1815.029616355896
n038,cm-vs-r0,sparse,floor,1825,23.326553854049397,1748,1815.080795288086,1815.0919740200043
n038,cm-vs-r0,all,contrast,3873,74.39550256240793,3735,3844.948778530583,3845.3995262291282
n038,cm-vs-r0,all,floor,3873,23.326553854049397,3796,3846.237553263083,3846.2487319950014
n038,cpre-vs-r0,dense,contrast,2048,45.50615483942694,1961,2029.7366620283574,2029.7665516268462
n038,cpre-vs-r0,dense,floor,2048,0,2048,2031.1567579749972,2031.1567579749972
n038,cpre-vs-r0,sparse,contrast,1825,34.09527078760542,1747,1814.879800081253,1815.08599370718
n038,cpre-vs-r0,sparse,floor,1825,23.326553854049397,1748,1815.080795288086,1815.0919740200043
n038,cpre-vs-r0,all,contrast,3873,79.60142562703241,3708,3844.6164621096104,3844.852545334026
n038,cpre-vs-r0,all,floor,3873,23.326553854049397,3796,3846.237553263083,3846.2487319950014
n038,floor-r0,dense,contrast,2048,0,2048,2031.1567579749972,2031.1567579749972
n038,floor-r0,sparse,contrast,1825,23.326553854049397,1748,1815.080795288086,1815.0919740200043
n038,floor-r0,all,contrast,3873,23.326553854049397,3796,3846.237553263083,3846.2487319950014
n038,n-vs-cm,dense,contrast,2048,187.57434853518825,1862,2026.9894753666595,2028.123597510159
n038,n-vs-cm,dense,floor,2048,0,2048,2031.1567579749972,2031.1567579749972
n038,n-vs-cm,sparse,contrast,1825,135.46983117682586,1685,1813.5948002934456,1813.5892577171326
n038,n-vs-cm,sparse,floor,1825,23.326553854049397,1748,1815.080795288086,1815.0919740200043
n038,n-vs-cm,all,contrast,3873,323.04417971201525,3547,3840.584275660105,3841.7128552272916
n038,n-vs-cm,all,floor,3873,23.326553854049397,3796,3846.237553263083,3846.2487319950014
n038,n-vs-r0,dense,contrast,2048,185.40527250640807,1868,2026.8901220783591,2028.428305725567
n038,n-vs-r0,dense,floor,2048,0,2048,2031.1567579749972,2031.1567579749972
n038,n-vs-r0,sparse,contrast,1825,133.6283470265327,1683,1813.4143758416176,1813.5049823522568
n038,n-vs-r0,sparse,floor,1825,23.326553854049397,1748,1815.080795288086,1815.0919740200043
n038,n-vs-r0,all,contrast,3873,319.03361953294,3551,3840.3044979199767,3841.933288077824
n038,n-vs-r0,all,floor,3873,23.326553854049397,3796,3846.237553263083,3846.2487319950014
n039,cm-vs-cpre,dense,contrast,2048,51.985312183187396,1958,2027.6097967717797,2026.727099403739
n039,cm-vs-cpre,dense,floor,2048,0,2048,2029.38445427455,2029.38445427455
n039,cm-vs-cpre,sparse,contrast,656,21.795783403853598,618,652.6593245267868,652.5027250051498
n039,cm-vs-cpre,sparse,floor,656,11.523075364583468,622,652.8106041550636,652.8545126914978
n039,cm-vs-cpre,all,contrast,2704,73.78109558704087,2576,2680.2691212985665,2679.229824408889
n039,cm-vs-cpre,all,floor,2704,11.523075364583468,2670,2682.1950584296137,2682.238966966048
n039,cm-vs-r0,dense,contrast,2048,51.44710448160454,1945,2027.6697008218616,2026.82978980802
n039,cm-vs-r0,dense,floor,2048,0,2048,2029.38445427455,2029.38445427455
n039,cm-vs-r0,sparse,contrast,656,16.267486750291127,619,652.7707135081291,652.5383637547493
n039,cm-vs-r0,sparse,floor,656,11.523075364583468,622,652.8106041550636,652.8545126914978
n039,cm-vs-r0,all,contrast,2704,67.71459123189581,2564,2680.4404143299907,2679.3681535627693
n039,cm-vs-r0,all,floor,2704,11.523075364583468,2670,2682.1950584296137,2682.238966966048
n039,cpre-vs-r0,dense,contrast,2048,51.418100180228386,1952,2027.8226319532841,2027.6381849180907
n039,cpre-vs-r0,dense,floor,2048,0,2048,2029.38445427455,2029.38445427455
n039,cpre-vs-r0,sparse,contrast,656,17.94986071829786,626,652.741840004921,652.7069917917252
n039,cpre-vs-r0,sparse,floor,656,11.523075364583468,622,652.8106041550636,652.8545126914978
n039,cpre-vs-r0,all,contrast,2704,69.3679608985263,2578,2680.564471958205,2680.345176709816
n039,cpre-vs-r0,all,floor,2704,11.523075364583468,2670,2682.1950584296137,2682.238966966048
n039,crossboot-r0,dense,contrast,2048,0,2048,2029.38445427455,2029.38445427455
n039,crossboot-r0,sparse,contrast,656,13.276444575919983,627,652.8157274127007,652.9645182490349
n039,crossboot-r0,all,contrast,2704,13.276444575919983,2675,2682.2001816872507,2682.348972523585
n039,floor-r0,dense,contrast,2048,0,2048,2029.38445427455,2029.38445427455
n039,floor-r0,sparse,contrast,656,11.523075364583468,622,652.8106041550636,652.8545126914978
n039,floor-r0,all,contrast,2704,11.523075364583468,2670,2682.1950584296137,2682.238966966048
n039,n-vs-cm,dense,contrast,2048,224.4966641901787,1841,2022.6319645913318,2022.030148879625
n039,n-vs-cm,dense,floor,2048,0,2048,2029.38445427455,2029.38445427455
n039,n-vs-cm,sparse,contrast,656,71.70392071213084,590,651.7780925035477,651.8517530560493
n039,n-vs-cm,sparse,floor,656,11.523075364583468,622,652.8106041550636,652.8545126914978
n039,n-vs-cm,all,contrast,2704,296.2005849023099,2431,2674.4100570948794,2673.8819019356743
n039,n-vs-cm,all,floor,2704,11.523075364583468,2670,2682.1950584296137,2682.238966966048
n039,n-vs-r0,dense,contrast,2048,215.22898512142456,1853,2023.2358897700906,2022.003070447594
n039,n-vs-r0,dense,floor,2048,0,2048,2029.38445427455,2029.38445427455
n039,n-vs-r0,sparse,contrast,656,71.90637580205919,588,652.0142997503281,651.7157809138298
n039,n-vs-r0,sparse,floor,656,11.523075364583468,622,652.8106041550636,652.8545126914978
n039,n-vs-r0,all,contrast,2704,287.13536092348346,2441,2675.2501895204186,2673.7188513614237
n039,n-vs-r0,all,floor,2704,11.523075364583468,2670,2682.1950584296137,2682.238966966048
n040,cm-vs-cpre,dense,contrast,2048,46.88826699115186,1948,2020.5481091532856,2019.8127803057432
n040,cm-vs-cpre,dense,floor,2048,0,2048,2022.0611205045134,2022.0611205045134
n040,cm-vs-cpre,sparse,contrast,2599,32.371016896717315,2503,2558.803306221962,2558.643358886242
n040,cm-vs-cpre,sparse,floor,2599,28.4233983684461,2493,2559.0683722496033,2559.9702278375626
n040,cm-vs-cpre,all,contrast,4647,79.2592838878693,4451,4579.351415375248,4578.456139191985
n040,cm-vs-cpre,all,floor,4647,28.4233983684461,4541,4581.129492754117,4582.031348342076
n040,cm-vs-r0,dense,contrast,2048,48.68779121995496,1943,2020.147496720776,2019.7105491068214
n040,cm-vs-r0,dense,floor,2048,0,2048,2022.0611205045134,2022.0611205045134
n040,cm-vs-r0,sparse,contrast,2599,34.345850770304416,2489,2558.9822655916214,2558.5919976234436
n040,cm-vs-r0,sparse,floor,2599,28.4233983684461,2493,2559.0683722496033,2559.9702278375626
n040,cm-vs-r0,all,contrast,4647,83.03364199025965,4432,4579.129762312397,4578.302546730265
n040,cm-vs-r0,all,floor,4647,28.4233983684461,4541,4581.129492754117,4582.031348342076
n040,cpre-vs-r0,dense,contrast,2048,43.2458405704841,1947,2020.10992157273,2020.5134780537337
n040,cpre-vs-r0,dense,floor,2048,0,2048,2022.0611205045134,2022.0611205045134
n040,cpre-vs-r0,sparse,contrast,2599,34.036541638597704,2484,2558.9744021892548,2558.839875102043
n040,cpre-vs-r0,sparse,floor,2599,28.4233983684461,2493,2559.0683722496033,2559.9702278375626
n040,cpre-vs-r0,all,contrast,4647,77.28238220908173,4431,4579.084323761985,4579.353353155777
n040,cpre-vs-r0,all,floor,4647,28.4233983684461,4541,4581.129492754117,4582.031348342076
n040,floor-r0,dense,contrast,2048,0,2048,2022.0611205045134,2022.0611205045134
n040,floor-r0,sparse,contrast,2599,28.4233983684461,2493,2559.0683722496033,2559.9702278375626
n040,floor-r0,all,contrast,4647,28.4233983684461,4541,4581.129492754117,4582.031348342076
n040,n-vs-cm,dense,contrast,2048,222.85322887618727,1834,2015.0456670774147,2014.30390126165
n040,n-vs-cm,dense,floor,2048,0,2048,2022.0611205045134,2022.0611205045134
n040,n-vs-cm,sparse,contrast,2599,181.52734411955515,2352,2552.8100163042545,2549.5267657637596
n040,n-vs-cm,sparse,floor,2599,28.4233983684461,2493,2559.0683722496033,2559.9702278375626
n040,n-vs-cm,all,contrast,4647,404.38057299574405,4186,4567.855683381669,4563.83066702541
n040,n-vs-cm,all,floor,4647,28.4233983684461,4541,4581.129492754117,4582.031348342076
n040,n-vs-r0,dense,contrast,2048,223.93586330997613,1820,2015.4149916991591,2013.8380435043946
n040,n-vs-r0,dense,floor,2048,0,2048,2022.0611205045134,2022.0611205045134
n040,n-vs-r0,sparse,contrast,2599,188.91139814542697,2337,2553.3574895858765,2549.4500360786915
n040,n-vs-r0,sparse,floor,2599,28.4233983684461,2493,2559.0683722496033,2559.9702278375626
n040,n-vs-r0,all,contrast,4647,412.8472614554021,4157,4568.772481285036,4563.288079583086
n040,n-vs-r0,all,floor,4647,28.4233983684461,4541,4581.129492754117,4582.031348342076
n041,cm-vs-cpre,dense,contrast,2048,46.029653715008926,1949,2027.8227124307305,2028.1903620809317
n041,cm-vs-cpre,dense,floor,2048,0,2048,2029.734970593825,2029.734970593825
n041,cm-vs-cpre,sparse,contrast,1190,27.791830604112793,1130,1181.2572524547577,1181.41480332613
n041,cm-vs-cpre,sparse,floor,1190,23.663284040902745,1145,1181.865468263626,1181.988711297512
n041,cm-vs-cpre,all,contrast,3238,73.82148431912184,3079,3209.079964885488,3209.6051654070616
n041,cm-vs-cpre,all,floor,3238,23.663284040902745,3193,3211.600438857451,3211.723681891337
n041,cm-vs-r0,dense,contrast,2048,42.45347177082776,1960,2028.2916019763798,2028.309945633635
n041,cm-vs-r0,dense,floor,2048,0,2048,2029.734970593825,2029.734970593825
n041,cm-vs-r0,sparse,contrast,1190,26.236072283292994,1137,1181.7785255908966,1181.4678728580475
n041,cm-vs-r0,sparse,floor,1190,23.663284040902745,1145,1181.865468263626,1181.988711297512
n041,cm-vs-r0,all,contrast,3238,68.68954405412076,3097,3210.0701275672764,3209.7778184916824
n041,cm-vs-r0,all,floor,3238,23.663284040902745,3193,3211.600438857451,3211.723681891337
n041,cpre-vs-r0,dense,contrast,2048,42.61857338414083,1960,2028.0907054524869,2027.8752538692206
n041,cpre-vs-r0,dense,floor,2048,0,2048,2029.734970593825,2029.734970593825
n041,cpre-vs-r0,sparse,contrast,1190,25.20693771488165,1145,1181.6821035146713,1181.2885574698448
n041,cpre-vs-r0,sparse,floor,1190,23.663284040902745,1145,1181.865468263626,1181.988711297512
n041,cpre-vs-r0,all,contrast,3238,67.82551109902253,3105,3209.772808967158,3209.1638113390654
n041,cpre-vs-r0,all,floor,3238,23.663284040902745,3193,3211.600438857451,3211.723681891337
n041,floor-r0,dense,contrast,2048,0,2048,2029.734970593825,2029.734970593825
n041,floor-r0,sparse,contrast,1190,23.663284040902745,1145,1181.865468263626,1181.988711297512
n041,floor-r0,all,contrast,3238,23.663284040902745,3193,3211.600438857451,3211.723681891337
n041,n-vs-cm,dense,contrast,2048,175.20065709247538,1862,2024.0132504319772,2026.4117574417032
n041,n-vs-cm,dense,floor,2048,0,2048,2029.734970593825,2029.734970593825
n041,n-vs-cm,sparse,contrast,1190,96.96501016271775,1084,1179.1250909864902,1179.4455252289772
n041,n-vs-cm,sparse,floor,1190,23.663284040902745,1145,1181.865468263626,1181.988711297512
n041,n-vs-cm,all,contrast,3238,272.1656672551935,2946,3203.1383414184675,3205.8572826706804
n041,n-vs-cm,all,floor,3238,23.663284040902745,3193,3211.600438857451,3211.723681891337
n041,n-vs-r0,dense,contrast,2048,178.75330080158395,1857,2024.3764865454286,2026.5623351125978
n041,n-vs-r0,dense,floor,2048,0,2048,2029.734970593825,2029.734970593825
n041,n-vs-r0,sparse,contrast,1190,99.61957725462588,1083,1180.0268431901932,1179.6901479959488
n041,n-vs-r0,sparse,floor,1190,23.663284040902745,1145,1181.865468263626,1181.988711297512
n041,n-vs-r0,all,contrast,3238,278.37287805620997,2940,3204.403329735622,3206.2524831085466
n041,n-vs-r0,all,floor,3238,23.663284040902745,3193,3211.600438857451,3211.723681891337
n042,cm-vs-cpre,dense,contrast,2048,49.3251349669255,1921,2016.1828471515328,2015.9133305996656
n042,cm-vs-cpre,dense,floor,2048,0,2048,2018.93801083602,2018.93801083602
n042,cm-vs-cpre,sparse,contrast,2228,63.81656517435027,2097,2201.8945465683937,2202.3256432414055
n042,cm-vs-cpre,sparse,floor,2228,56.692416250523294,2119,2202.6713560819626,2203.099645972252
n042,cm-vs-cpre,all,contrast,4276,113.1417001412757,4018,4218.0773937199265,4218.238973841071
n042,cm-vs-cpre,all,floor,4276,56.692416250523294,4167,4221.609366917983,4222.037656808272
n042,cm-vs-r0,dense,contrast,2048,45.03105421278197,1938,2016.4146269764751,2015.921020289883
n042,cm-vs-r0,dense,floor,2048,0,2048,2018.93801083602,2018.93801083602
n042,cm-vs-r0,sparse,contrast,2228,64.57390578630081,2089,2202.175659120083,2202.208192408085
n042,cm-vs-r0,sparse,floor,2228,56.692416250523294,2119,2202.6713560819626,2203.099645972252
n042,cm-vs-r0,all,contrast,4276,109.6049599990827,4027,4218.590286096558,4218.129212697968
n042,cm-vs-r0,all,floor,4276,56.692416250523294,4167,4221.609366917983,4222.037656808272
n042,cpre-vs-r0,dense,contrast,2048,46.820117893302154,1936,2016.4204777460545,2016.0915813874453
n042,cpre-vs-r0,dense,floor,2048,0,2048,2018.93801083602,2018.93801083602
n042,cpre-vs-r0,sparse,contrast,2228,66.30242182109453,2095,2202.3981428146362,2201.7481974363327
n042,cpre-vs-r0,sparse,floor,2228,56.692416250523294,2119,2202.6713560819626,2203.099645972252
n042,cpre-vs-r0,all,contrast,4276,113.12253971439662,4031,4218.818620560691,4217.839778823778
n042,cpre-vs-r0,all,floor,4276,56.692416250523294,4167,4221.609366917983,4222.037656808272
n042,crossboot-r0,dense,contrast,2048,0,2048,2018.93801083602,2018.93801083602
n042,crossboot-r0,sparse,contrast,2228,56.63709983003631,2100,2202.514566242695,2202.8589990735054
n042,crossboot-r0,all,contrast,4276,56.63709983003631,4148,4221.452577078715,4221.7970099095255
n042,floor-r0,dense,contrast,2048,0,2048,2018.93801083602,2018.93801083602
n042,floor-r0,sparse,contrast,2228,56.692416250523294,2119,2202.6713560819626,2203.099645972252
n042,floor-r0,all,contrast,4276,56.692416250523294,4167,4221.609366917983,4222.037656808272
n042,n-vs-cm,dense,contrast,2048,205.12997976437023,1820,2010.3518552156165,2014.3181791948155
n042,n-vs-cm,dense,floor,2048,0,2048,2018.93801083602,2018.93801083602
n042,n-vs-cm,sparse,contrast,2228,215.40410629767328,1982,2197.706384241581,2196.489041864872
n042,n-vs-cm,sparse,floor,2228,56.692416250523294,2119,2202.6713560819626,2203.099645972252
n042,n-vs-cm,all,contrast,4276,420.5340860620442,3802,4208.0582394571975,4210.807221059687
n042,n-vs-cm,all,floor,4276,56.692416250523294,4167,4221.609366917983,4222.037656808272
n042,n-vs-r0,dense,contrast,2048,201.81582748011178,1796,2010.6215103939176,2013.8930637547746
n042,n-vs-r0,dense,floor,2048,0,2048,2018.93801083602,2018.93801083602
n042,n-vs-r0,sparse,contrast,2228,224.3025967856265,1977,2197.940374672413,2197.082185834646
n042,n-vs-r0,sparse,floor,2228,56.692416250523294,2119,2202.6713560819626,2203.099645972252
n042,n-vs-r0,all,contrast,4276,426.1184242657375,3773,4208.56188506633,4210.975249589421
n042,n-vs-r0,all,floor,4276,56.692416250523294,4167,4221.609366917983,4222.037656808272
n043,cm-vs-cpre,dense,contrast,2048,52.06592655334856,1956,2033.8978543970734,2033.8942918032408
n043,cm-vs-cpre,dense,floor,2048,0,2048,2035.3997560385615,2035.3997560385615
n043,cm-vs-cpre,sparse,contrast,420,9.581842665032175,404,418.7580381631851,418.6302421092987
n043,cm-vs-cpre,sparse,floor,420,7.782225881098882,407,418.77560114860535,418.72091394662857
n043,cm-vs-cpre,all,contrast,2468,61.64776921838072,2360,2452.6558925602585,2452.5245339125395
n043,cm-vs-cpre,all,floor,2468,7.782225881098882,2455,2454.175357187167,2454.12066998519
n043,cm-vs-r0,dense,contrast,2048,56.33743307914232,1966,2034.051908871159,2033.8347711469978
n043,cm-vs-r0,dense,floor,2048,0,2048,2035.3997560385615,2035.3997560385615
n043,cm-vs-r0,sparse,contrast,420,8.88914060461353,407,418.72607374191284,418.66563522815704
n043,cm-vs-r0,sparse,floor,420,7.782225881098882,407,418.77560114860535,418.72091394662857
n043,cm-vs-r0,all,contrast,2468,65.2265736837559,2373,2452.777982613072,2452.500406375155
n043,cm-vs-r0,all,floor,2468,7.782225881098882,2455,2454.175357187167,2454.12066998519
n043,cpre-vs-r0,dense,contrast,2048,50.52533788332414,1962,2033.963408647105,2033.815583659336
n043,cpre-vs-r0,dense,floor,2048,0,2048,2035.3997560385615,2035.3997560385615
n043,cpre-vs-r0,sparse,contrast,420,11.725902708954408,405,418.70882773399353,418.74245846271515
n043,cpre-vs-r0,sparse,floor,420,7.782225881098882,407,418.77560114860535,418.72091394662857
n043,cpre-vs-r0,all,contrast,2468,62.25124059227858,2367,2452.6722363810986,2452.558042122051
n043,cpre-vs-r0,all,floor,2468,7.782225881098882,2455,2454.175357187167,2454.12066998519
n043,floor-r0,dense,contrast,2048,0,2048,2035.3997560385615,2035.3997560385615
n043,floor-r0,sparse,contrast,420,7.782225881098882,407,418.77560114860535,418.72091394662857
n043,floor-r0,all,contrast,2468,7.782225881098882,2455,2454.175357187167,2454.12066998519
n043,n-vs-cm,dense,contrast,2048,167.3166648395597,1886,2030.1142569389194,2031.3726172130555
n043,n-vs-cm,dense,floor,2048,0,2048,2035.3997560385615,2035.3997560385615
n043,n-vs-cm,sparse,contrast,420,32.611453462337735,387,418.25074261426926,417.8341054916382
n043,n-vs-cm,sparse,floor,420,7.782225881098882,407,418.77560114860535,418.72091394662857
n043,n-vs-cm,all,contrast,2468,199.92811830189777,2273,2448.3649995531887,2449.2067227046937
n043,n-vs-cm,all,floor,2468,7.782225881098882,2455,2454.175357187167,2454.12066998519
n043,n-vs-r0,dense,contrast,2048,163.77771700988063,1890,2030.2193575762212,2031.2478522919118
n043,n-vs-r0,dense,floor,2048,0,2048,2035.3997560385615,2035.3997560385615
n043,n-vs-r0,sparse,contrast,420,36.49020260878565,388,418.3970333337784,417.9261244535446
n043,n-vs-r0,sparse,floor,420,7.782225881098882,407,418.77560114860535,418.72091394662857
n043,n-vs-r0,all,contrast,2468,200.2679196186663,2278,2448.6163909099996,2449.1739767454565
n043,n-vs-r0,all,floor,2468,7.782225881098882,2455,2454.175357187167,2454.12066998519
n044,cm-vs-cpre,dense,contrast,2048,33.411029042569716,1983,2035.0312291476876,2034.8726437836885
n044,cm-vs-cpre,dense,floor,2048,0,2048,2035.719660634175,2035.719660634175
n044,cm-vs-cpre,sparse,contrast,1300,22.29659389050774,1254,1294.3939727544785,1294.7391576766968
n044,cm-vs-cpre,sparse,floor,1300,17.573653324288667,1260,1294.7518768310547,1294.7678431868553
n044,cm-vs-cpre,all,contrast,3348,55.707622933077474,3237,3329.425201902166,3329.6118014603853
n044,cm-vs-cpre,all,floor,3348,17.573653324288667,3308,3330.4715374652296,3330.4875038210303
n044,cm-vs-r0,dense,contrast,2048,31.283013451857574,1969,2035.13318403624,2035.0578884091228
n044,cm-vs-r0,dense,floor,2048,0,2048,2035.719660634175,2035.719660634175
n044,cm-vs-r0,sparse,contrast,1300,21.882163190462524,1256,1294.5835915207863,1294.7590935230255
n044,cm-vs-r0,sparse,floor,1300,17.573653324288667,1260,1294.7518768310547,1294.7678431868553
n044,cm-vs-r0,all,contrast,3348,53.16517664232011,3225,3329.7167755570263,3329.8169819321483
n044,cm-vs-r0,all,floor,3348,17.573653324288667,3308,3330.4715374652296,3330.4875038210303
n044,cpre-vs-r0,dense,contrast,2048,32.39701146755888,1982,2035.1274732332677,2035.072487546131
n044,cpre-vs-r0,dense,floor,2048,0,2048,2035.719660634175,2035.719660634175
n044,cpre-vs-r0,sparse,contrast,1300,23.544458456256844,1258,1294.6222361922264,1294.476029932499
n044,cpre-vs-r0,sparse,floor,1300,17.573653324288667,1260,1294.7518768310547,1294.7678431868553
n044,cpre-vs-r0,all,contrast,3348,55.94146992381566,3240,3329.749709425494,3329.54851747863
n044,cpre-vs-r0,all,floor,3348,17.573653324288667,3308,3330.4715374652296,3330.4875038210303
n044,crossboot-r0,dense,contrast,2048,0,2048,2035.719660634175,2035.719660634175
n044,crossboot-r0,sparse,contrast,1300,17.53086315731322,1252,1294.4138478040695,1294.818709909916
n044,crossboot-r0,all,contrast,3348,17.53086315731322,3300,3330.1335084382445,3330.538370544091
n044,floor-r0,dense,contrast,2048,0,2048,2035.719660634175,2035.719660634175
n044,floor-r0,sparse,contrast,1300,17.573653324288667,1260,1294.7518768310547,1294.7678431868553
n044,floor-r0,all,contrast,3348,17.573653324288667,3308,3330.4715374652296,3330.4875038210303
n044,n-vs-cm,dense,contrast,2048,167.57565941288587,1885,2033.1989403637126,2031.4985391753726
n044,n-vs-cm,dense,floor,2048,0,2048,2035.719660634175,2035.719660634175
n044,n-vs-cm,sparse,contrast,1300,107.7939033947508,1204,1293.5072919726372,1292.5210971832275
n044,n-vs-cm,sparse,floor,1300,17.573653324288667,1260,1294.7518768310547,1294.7678431868553
n044,n-vs-cm,all,contrast,3348,275.3695628076366,3089,3326.70623233635,3324.0196363586
n044,n-vs-cm,all,floor,3348,17.573653324288667,3308,3330.4715374652296,3330.4875038210303
n044,n-vs-r0,dense,contrast,2048,165.29923629861418,1882,2033.3139796629548,2031.7819047109224
n044,n-vs-r0,dense,floor,2048,0,2048,2035.719660634175,2035.719660634175
n044,n-vs-r0,sparse,contrast,1300,101.78477545469673,1204,1293.556388616562,1292.3647472262383
n044,n-vs-r0,sparse,floor,1300,17.573653324288667,1260,1294.7518768310547,1294.7678431868553
n044,n-vs-r0,all,contrast,3348,267.08401175331124,3086,3326.8703682795167,3324.1466519371606
n044,n-vs-r0,all,floor,3348,17.573653324288667,3308,3330.4715374652296,3330.4875038210303
n045,cm-vs-cpre,dense,contrast,2048,40.68812680631146,1960,2035.4212008807808,2034.1121834367514
n045,cm-vs-cpre,dense,floor,2048,0,2048,2036.5326574090868,2036.5326574090868
n045,cm-vs-cpre,sparse,contrast,2753,70.35048241661273,2653,2749.246448457241,2749.3912436962128
n045,cm-vs-cpre,sparse,floor,2753,51.0963938989273,2672,2749.1944015026093,2749.2679283618927
n045,cm-vs-cpre,all,contrast,4801,111.038609222924,4613,4784.667649338022,4783.503427132964
n045,cm-vs-cpre,all,floor,4801,51.0963938989273,4720,4785.727058911696,4785.8005857709795
n045,cm-vs-r0,dense,contrast,2048,40.87999737400974,1970,2035.2290481235832,2034.722845962271
n045,cm-vs-r0,dense,floor,2048,0,2048,2036.5326574090868,2036.5326574090868
n045,cm-vs-r0,sparse,contrast,2753,68.65008569786967,2668,2749.163836658001,2749.379283249378
n045,cm-vs-r0,sparse,floor,2753,51.0963938989273,2672,2749.1944015026093,2749.2679283618927
n045,cm-vs-r0,all,contrast,4801,109.53008307187977,4638,4784.392884781584,4784.102129211649
n045,cm-vs-r0,all,floor,4801,51.0963938989273,4720,4785.727058911696,4785.8005857709795
n045,cpre-vs-r0,dense,contrast,2048,35.573250540410406,1959,2035.344049749896,2035.5645816158503
n045,cpre-vs-r0,dense,floor,2048,0,2048,2036.5326574090868,2036.5326574090868
n045,cpre-vs-r0,sparse,contrast,2753,56.063389974147725,2654,2749.183457136154,2749.204595029354
n045,cpre-vs-r0,sparse,floor,2753,51.0963938989273,2672,2749.1944015026093,2749.2679283618927
n045,cpre-vs-r0,all,contrast,4801,91.63664051455784,4613,4784.52750688605,4784.769176645204
n045,cpre-vs-r0,all,floor,4801,51.0963938989273,4720,4785.727058911696,4785.8005857709795
n045,floor-r0,dense,contrast,2048,0,2048,2036.5326574090868,2036.5326574090868
n045,floor-r0,sparse,contrast,2753,51.0963938989273,2672,2749.1944015026093,2749.2679283618927
n045,floor-r0,all,contrast,4801,51.0963938989273,4720,4785.727058911696,4785.8005857709795
n045,n-vs-cm,dense,contrast,2048,114.79681279928293,1912,2032.1079488070682,2034.0652597416192
n045,n-vs-cm,dense,floor,2048,0,2048,2036.5326574090868,2036.5326574090868
n045,n-vs-cm,sparse,contrast,2753,194.62043315096346,2575,2748.505059182644,2747.6047140955925
n045,n-vs-cm,sparse,floor,2753,51.0963938989273,2672,2749.1944015026093,2749.2679283618927
n045,n-vs-cm,all,contrast,4801,309.41724595024573,4487,4780.613007989712,4781.669973837212
n045,n-vs-cm,all,floor,4801,51.0963938989273,4720,4785.727058911696,4785.8005857709795
n045,n-vs-r0,dense,contrast,2048,114.09013474068563,1905,2033.6339446678758,2034.431128342636
n045,n-vs-r0,dense,floor,2048,0,2048,2036.5326574090868,2036.5326574090868
n045,n-vs-r0,sparse,contrast,2753,207.90336048947017,2575,2747.47380900383,2746.8708821833134
n045,n-vs-r0,sparse,floor,2753,51.0963938989273,2672,2749.1944015026093,2749.2679283618927
n045,n-vs-r0,all,contrast,4801,321.9934952301568,4480,4781.107753671706,4781.302010525949
n045,n-vs-r0,all,floor,4801,51.0963938989273,4720,4785.727058911696,4785.8005857709795
n046,cm-vs-cpre,dense,contrast,2048,39.08016207610585,1972,2033.5809865090996,2032.9004369229078
n046,cm-vs-cpre,dense,floor,2048,0,2048,2034.4291373435408,2034.4291373435408
n046,cm-vs-cpre,sparse,contrast,290,6.376845094170856,279,288.40658712387085,288.30703753232956
n046,cm-vs-cpre,sparse,floor,290,5.612108090704651,279,288.45492404699326,288.4683336019516
n046,cm-vs-cpre,all,contrast,2338,45.45700717027675,2251,2321.9875736329705,2321.2074744552374
n046,cm-vs-cpre,all,floor,2338,5.612108090704651,2327,2322.884061390534,2322.8974709454924
n046,cm-vs-r0,dense,contrast,2048,39.73319534457871,1970,2033.0250002276152,2032.7517043258995
n046,cm-vs-r0,dense,floor,2048,0,2048,2034.4291373435408,2034.4291373435408
n046,cm-vs-r0,sparse,contrast,290,6.962487843916543,279,288.42096292972565,288.32688570022583
n046,cm-vs-r0,sparse,floor,290,5.612108090704651,279,288.45492404699326,288.4683336019516
n046,cm-vs-r0,all,contrast,2338,46.69568318849523,2249,2321.445963157341,2321.0785900261253
n046,cm-vs-r0,all,floor,2338,5.612108090704651,2327,2322.884061390534,2322.8974709454924
n046,cpre-vs-r0,dense,contrast,2048,40.22376448844556,1964,2033.286487577483,2033.8400949072093
n046,cpre-vs-r0,dense,floor,2048,0,2048,2034.4291373435408,2034.4291373435408
n046,cpre-vs-r0,sparse,contrast,290,5.273750291336052,282,288.4075765013695,288.4710629582405
n046,cpre-vs-r0,sparse,floor,290,5.612108090704651,279,288.45492404699326,288.4683336019516
n046,cpre-vs-r0,all,contrast,2338,45.49751477978163,2246,2321.6940640788525,2322.31115786545
n046,cpre-vs-r0,all,floor,2338,5.612108090704651,2327,2322.884061390534,2322.8974709454924
n046,floor-r0,dense,contrast,2048,0,2048,2034.4291373435408,2034.4291373435408
n046,floor-r0,sparse,contrast,290,5.612108090704651,279,288.45492404699326,288.4683336019516
n046,floor-r0,all,contrast,2338,5.612108090704651,2327,2322.884061390534,2322.8974709454924
n046,n-vs-cm,dense,contrast,2048,173.83969859688142,1884,2030.2959297271445,2030.289771808777
n046,n-vs-cm,dense,floor,2048,0,2048,2034.4291373435408,2034.4291373435408
n046,n-vs-cm,sparse,contrast,290,29.99386497432038,262,287.78417706489563,287.815797328949
n046,n-vs-cm,sparse,floor,290,5.612108090704651,279,288.45492404699326,288.4683336019516
n046,n-vs-cm,all,contrast,2338,203.83356357120178,2146,2318.08010679204,2318.105569137726
n046,n-vs-cm,all,floor,2338,5.612108090704651,2327,2322.884061390534,2322.8974709454924
n046,n-vs-r0,dense,contrast,2048,172.1244027651758,1879,2030.6163124069571,2030.160343722906
n046,n-vs-r0,dense,floor,2048,0,2048,2034.4291373435408,2034.4291373435408
n046,n-vs-r0,sparse,contrast,290,28.913008172388214,264,287.9494949579239,287.85176289081573
n046,n-vs-r0,sparse,floor,290,5.612108090704651,279,288.45492404699326,288.4683336019516
n046,n-vs-r0,all,contrast,2338,201.037410937564,2143,2318.565807364881,2318.0121066137217
n046,n-vs-r0,all,floor,2338,5.612108090704651,2327,2322.884061390534,2322.8974709454924
n047,cm-vs-cpre,dense,contrast,2048,46.68588242291924,1925,2014.0913275573403,2013.6426163166761
n047,cm-vs-cpre,dense,floor,2048,0,2048,2016.7655161265284,2016.7655161265284
n047,cm-vs-cpre,sparse,contrast,7,0.13763914648056164,6,6.9356130957603455,6.938861966133118
n047,cm-vs-cpre,sparse,floor,7,0.010827491898268645,7,6.940614104270935,6.939726531505585
n047,cm-vs-cpre,all,contrast,2055,46.8235215693998,1931,2021.0269406531006,2020.5814782828093
n047,cm-vs-cpre,all,floor,2055,0.010827491898268645,2055,2023.7061302307993,2023.705242658034
n047,cm-vs-r0,dense,contrast,2048,43.34618913119415,1928,2014.5148504581302,2013.671807339415
n047,cm-vs-r0,dense,floor,2048,0,2048,2016.7655161265284,2016.7655161265284
n047,cm-vs-r0,sparse,contrast,7,0.03309442435882921,7,6.93850976228714,6.940191447734833
n047,cm-vs-r0,sparse,floor,7,0.010827491898268645,7,6.940614104270935,6.939726531505585
n047,cm-vs-r0,all,contrast,2055,43.37928355555298,1935,2021.4533602204174,2020.6119987871498
n047,cm-vs-r0,all,floor,2055,0.010827491898268645,2055,2023.7061302307993,2023.705242658034
n047,cpre-vs-r0,dense,contrast,2048,46.94216111692135,1928,2014.6059957724065,2014.1930424105376
n047,cpre-vs-r0,dense,floor,2048,0,2048,2016.7655161265284,2016.7655161265284
n047,cpre-vs-r0,sparse,contrast,7,0.12185578258214723,6,6.939587116241455,6.937691748142242
n047,cpre-vs-r0,sparse,floor,7,0.010827491898268645,7,6.940614104270935,6.939726531505585
n047,cpre-vs-r0,all,contrast,2055,47.064016899503486,1934,2021.545582888648,2021.1307341586798
n047,cpre-vs-r0,all,floor,2055,0.010827491898268645,2055,2023.7061302307993,2023.705242658034
n047,floor-r0,dense,contrast,2048,0,2048,2016.7655161265284,2016.7655161265284
n047,floor-r0,sparse,contrast,7,0.010827491898268645,7,6.940614104270935,6.939726531505585
n047,floor-r0,all,contrast,2055,0.010827491898268645,2055,2023.7061302307993,2023.705242658034
n047,n-vs-cm,dense,contrast,2048,188.75497924929113,1797,2009.3514460297301,2007.9383701430634
n047,n-vs-cm,dense,floor,2048,0,2048,2016.7655161265284,2016.7655161265284
n047,n-vs-cm,sparse,contrast,7,0.9252716084692455,6,6.925763547420502,6.936645567417145
n047,n-vs-cm,sparse,floor,7,0.010827491898268645,7,6.940614104270935,6.939726531505585
n047,n-vs-cm,all,contrast,2055,189.68025085776037,1803,2016.2772095771506,2014.8750157104805
n047,n-vs-cm,all,floor,2055,0.010827491898268645,2055,2023.7061302307993,2023.705242658034
n047,n-vs-r0,dense,contrast,2048,202.46509690725355,1787,2010.308948673308,2008.8630874827504
n047,n-vs-r0,dense,floor,2048,0,2048,2016.7655161265284,2016.7655161265284
n047,n-vs-r0,sparse,contrast,7,0.8972818064653115,6,6.926088035106659,6.938239216804504
n047,n-vs-r0,sparse,floor,7,0.010827491898268645,7,6.940614104270935,6.939726531505585
n047,n-vs-r0,all,contrast,2055,203.36237871371887,1793,2017.2350367084146,2015.801326699555
n047,n-vs-r0,all,floor,2055,0.010827491898268645,2055,2023.7061302307993,2023.705242658034
n048,cm-vs-cpre,dense,contrast,2048,41.273812017739765,1971,2037.9197550509125,2039.0094194859266
n048,cm-vs-cpre,dense,floor,2048,0,2048,2039.6736553553492,2039.6736553553492
n048,cm-vs-cpre,sparse,contrast,1133,22.43173878085609,1095,1127.266145646572,1127.1713231801987
n048,cm-vs-cpre,sparse,floor,1133,21.89038896223635,1097,1127.0307894945145,1127.1384236216545
n048,cm-vs-cpre,all,contrast,3181,63.70555079859586,3066,3165.1859006974846,3166.1807426661253
n048,cm-vs-cpre,all,floor,3181,21.89038896223635,3145,3166.7044448498636,3166.8120789770037
n048,cm-vs-r0,dense,contrast,2048,37.44730524161679,1979,2038.8633876051754,2039.0910707022995
n048,cm-vs-r0,dense,floor,2048,0,2048,2039.6736553553492,2039.6736553553492
n048,cm-vs-r0,sparse,contrast,1133,23.853473736043338,1087,1126.73890209198,1127.143392264843
n048,cm-vs-r0,sparse,floor,1133,21.89038896223635,1097,1127.0307894945145,1127.1384236216545
n048,cm-vs-r0,all,contrast,3181,61.300778977660094,3066,3165.6022896971554,3166.2344629671425
n048,cm-vs-r0,all,floor,3181,21.89038896223635,3145,3166.7044448498636,3166.8120789770037
n048,cpre-vs-r0,dense,contrast,2048,43.174076039963374,1977,2038.952704725787,2038.5780849587172
n048,cpre-vs-r0,dense,floor,2048,0,2048,2039.6736553553492,2039.6736553553492
n048,cpre-vs-r0,sparse,contrast,1133,27.863425161618256,1087,1126.7462207078934,1127.1914809942245
n048,cpre-vs-r0,sparse,floor,1133,21.89038896223635,1097,1127.0307894945145,1127.1384236216545
n048,cpre-vs-r0,all,contrast,3181,71.03750120158158,3064,3165.6989254336804,3165.769565952942
n048,cpre-vs-r0,all,floor,3181,21.89038896223635,3145,3166.7044448498636,3166.8120789770037
n048,floor-r0,dense,contrast,2048,0,2048,2039.6736553553492,2039.6736553553492
n048,floor-r0,sparse,contrast,1133,21.89038896223635,1097,1127.0307894945145,1127.1384236216545
n048,floor-r0,all,contrast,3181,21.89038896223635,3145,3166.7044448498636,3166.8120789770037
n048,n-vs-cm,dense,contrast,2048,135.6910408969377,1901,2037.8182339882478,2038.6598174413666
n048,n-vs-cm,dense,floor,2048,0,2048,2039.6736553553492,2039.6736553553492
n048,n-vs-cm,sparse,contrast,1133,92.92141493359446,1044,1126.2097693681717,1125.1591435670853
n048,n-vs-cm,sparse,floor,1133,21.89038896223635,1097,1127.0307894945145,1127.1384236216545
n048,n-vs-cm,all,contrast,3181,228.6124558305323,2945,3164.0280033564195,3163.818961008452
n048,n-vs-cm,all,floor,3181,21.89038896223635,3145,3166.7044448498636,3166.8120789770037
n048,n-vs-r0,dense,contrast,2048,140.15820843062224,1901,2037.8160187955946,2038.6879473365843
n048,n-vs-r0,dense,floor,2048,0,2048,2039.6736553553492,2039.6736553553492
n048,n-vs-r0,sparse,contrast,1133,99.03146018378537,1040,1125.5543220043182,1125.2142800092697
n048,n-vs-r0,sparse,floor,1133,21.89038896223635,1097,1127.0307894945145,1127.1384236216545
n048,n-vs-r0,all,contrast,3181,239.18966861440774,2941,3163.370340799913,3163.902227345854
n048,n-vs-r0,all,floor,3181,21.89038896223635,3145,3166.7044448498636,3166.8120789770037
n049,cm-vs-cpre,dense,contrast,2048,52.220825362732796,1952,2029.730961928144,2028.811597339809
n049,cm-vs-cpre,dense,floor,2048,0,2048,2031.2261718455702,2031.2261718455702
n049,cm-vs-cpre,sparse,contrast,2890,74.25150549591264,2752,2873.5787509679794,2873.1258702278137
n049,cm-vs-cpre,sparse,floor,2890,72.72860422753669,2758,2873.3354187607765,2873.914345920086
n049,cm-vs-cpre,all,contrast,4938,126.47233085864563,4704,4903.3097128961235,4901.937467567623
n049,cm-vs-cpre,all,floor,4938,72.72860422753669,4806,4904.561590606347,4905.140517765656
n049,cm-vs-r0,dense,contrast,2048,51.23042581192385,1955,2029.8242632057518,2029.513153931126
n049,cm-vs-r0,dense,floor,2048,0,2048,2031.2261718455702,2031.2261718455702
n049,cm-vs-r0,sparse,contrast,2890,82.33599425265857,2738,2873.083396434784,2873.2791417837143
n049,cm-vs-r0,sparse,floor,2890,72.72860422753669,2758,2873.3354187607765,2873.914345920086
n049,cm-vs-r0,all,contrast,4938,133.56642006458264,4693,4902.907659640536,4902.79229571484
n049,cm-vs-r0,all,floor,4938,72.72860422753669,4806,4904.561590606347,4905.140517765656
n049,cpre-vs-r0,dense,contrast,2048,58.35765399474207,1957,2029.7497409861535,2029.8010178338736
n049,cpre-vs-r0,dense,floor,2048,0,2048,2031.2261718455702,2031.2261718455702
n049,cpre-vs-r0,sparse,contrast,2890,76.95439858707512,2739,2873.126931011677,2873.9096515774727
n049,cpre-vs-r0,sparse,floor,2890,72.72860422753669,2758,2873.3354187607765,2873.914345920086
n049,cpre-vs-r0,all,contrast,4938,135.3120525818173,4696,4902.87667199783,4903.710669411346
n049,cpre-vs-r0,all,floor,4938,72.72860422753669,4806,4904.561590606347,4905.140517765656
n049,floor-r0,dense,contrast,2048,0,2048,2031.2261718455702,2031.2261718455702
n049,floor-r0,sparse,contrast,2890,72.72860422753669,2758,2873.3354187607765,2873.914345920086
n049,floor-r0,all,contrast,4938,72.72860422753669,4806,4904.561590606347,4905.140517765656
n049,n-vs-cm,dense,contrast,2048,194.8452278535714,1873,2026.4409610675648,2025.9770308854058
n049,n-vs-cm,dense,floor,2048,0,2048,2031.2261718455702,2031.2261718455702
n049,n-vs-cm,sparse,contrast,2890,286.7210853304147,2616,2869.659835755825,2869.052328109741
n049,n-vs-cm,sparse,floor,2890,72.72860422753669,2758,2873.3354187607765,2873.914345920086
n049,n-vs-cm,all,contrast,4938,481.5663131839867,4489,4896.10079682339,4895.029358995147
n049,n-vs-cm,all,floor,4938,72.72860422753669,4806,4904.561590606347,4905.140517765656
n049,n-vs-r0,dense,contrast,2048,193.58528235476902,1867,2027.259692646563,2026.3996907919645
n049,n-vs-r0,dense,floor,2048,0,2048,2031.2261718455702,2031.2261718455702
n049,n-vs-r0,sparse,contrast,2890,294.7082738268759,2606,2869.9996800124645,2870.2721985578537
n049,n-vs-r0,sparse,floor,2890,72.72860422753669,2758,2873.3354187607765,2873.914345920086
n049,n-vs-r0,all,contrast,4938,488.2935561816452,4473,4897.259372659028,4896.671889349818
n049,n-vs-r0,all,floor,4938,72.72860422753669,4806,4904.561590606347,4905.140517765656
n050,cm-vs-cpre,dense,contrast,2048,39.244464912427546,1958,2035.098926315084,2035.6238201707602
n050,cm-vs-cpre,dense,floor,2048,0,2048,2036.5807166937739,2036.5807166937739
n050,cm-vs-cpre,sparse,contrast,1260,28.834337142811215,1197,1255.23813611269,1255.125338792801
n050,cm-vs-cpre,sparse,floor,1260,28.489693502182934,1205,1255.4249295592308,1255.3996517062187
n050,cm-vs-cpre,all,contrast,3308,68.07880205523874,3155,3290.337062427774,3290.749158963561
n050,cm-vs-cpre,all,floor,3308,28.489693502182934,3253,3292.0056462530047,3291.9803683999926
n050,cm-vs-r0,dense,contrast,2048,47.48472259600948,1946,2035.5419066157192,2035.546872606501
n050,cm-vs-r0,dense,floor,2048,0,2048,2036.5807166937739,2036.5807166937739
n050,cm-vs-r0,sparse,contrast,1260,30.569185135018973,1196,1255.4132498502731,1255.1990631818771
n050,cm-vs-r0,sparse,floor,1260,28.489693502182934,1205,1255.4249295592308,1255.3996517062187
n050,cm-vs-r0,all,contrast,3308,78.0539077310286,3142,3290.9551564659923,3290.745935788378
n050,cm-vs-r0,all,floor,3308,28.489693502182934,3253,3292.0056462530047,3291.9803683999926
n050,cpre-vs-r0,dense,contrast,2048,43.12199816782257,1959,2035.559800921008,2035.0947330128402
n050,cpre-vs-r0,dense,floor,2048,0,2048,2036.5807166937739,2036.5807166937739
n050,cpre-vs-r0,sparse,contrast,1260,33.80505834409439,1199,1255.4575241804123,1255.3647004961967
n050,cpre-vs-r0,sparse,floor,1260,28.489693502182934,1205,1255.4249295592308,1255.3996517062187
n050,cpre-vs-r0,all,contrast,3308,76.92705651191692,3158,3291.0173251014203,3290.459433509037
n050,cpre-vs-r0,all,floor,3308,28.489693502182934,3253,3292.0056462530047,3291.9803683999926
n050,crossboot-r0,dense,contrast,2048,0,2048,2036.5807166937739,2036.5807166937739
n050,crossboot-r0,sparse,contrast,1260,24.895254465954903,1207,1255.638089478016,1255.5602658987045
n050,crossboot-r0,all,contrast,3308,24.895254465954903,3255,3292.2188061717898,3292.1409825924784
n050,floor-r0,dense,contrast,2048,0,2048,2036.5807166937739,2036.5807166937739
n050,floor-r0,sparse,contrast,1260,28.489693502182934,1205,1255.4249295592308,1255.3996517062187
n050,floor-r0,all,contrast,3308,28.489693502182934,3253,3292.0056462530047,3291.9803683999926
n050,n-vs-cm,dense,contrast,2048,137.22074604852224,1886,2034.0369972800836,2033.6059964029118
n050,n-vs-cm,dense,floor,2048,0,2048,2036.5807166937739,2036.5807166937739
n050,n-vs-cm,sparse,contrast,1260,96.69057188776729,1165,1254.3113481998444,1253.6658251285553
n050,n-vs-cm,sparse,floor,1260,28.489693502182934,1205,1255.4249295592308,1255.3996517062187
n050,n-vs-cm,all,contrast,3308,233.9113179362888,3051,3288.348345479928,3287.271821531467
n050,n-vs-cm,all,floor,3308,28.489693502182934,3253,3292.0056462530047,3291.9803683999926
n050,n-vs-r0,dense,contrast,2048,126.71792282372297,1876,2034.069116389379,2033.5590135520324
n050,n-vs-r0,dense,floor,2048,0,2048,2036.5807166937739,2036.5807166937739
n050,n-vs-r0,sparse,contrast,1260,100.59896400205913,1161,1254.6796135902405,1253.6708144545555
n050,n-vs-r0,sparse,floor,1260,28.489693502182934,1205,1255.4249295592308,1255.3996517062187
n050,n-vs-r0,all,contrast,3308,227.3168868257818,3037,3288.7487299796194,3287.229828006588
n050,n-vs-r0,all,floor,3308,28.489693502182934,3253,3292.0056462530047,3291.9803683999926
n051,cm-vs-cpre,dense,contrast,2048,42.23389266673541,1961,2035.455067941919,2035.5093820095062
n051,cm-vs-cpre,dense,floor,2048,0,2048,2036.8042574170977,2036.8042574170977
n051,cm-vs-cpre,sparse,contrast,14,0.37418867266389344,13,13.962777137756348,13.956908106803894
n051,cm-vs-cpre,sparse,floor,14,0.07635599616953165,14,13.960085272789001,13.962993085384369
n051,cm-vs-cpre,all,contrast,2062,42.608081339399305,1974,2049.4178450796753,2049.46629011631
n051,cm-vs-cpre,all,floor,2062,0.07635599616953165,2062,2050.7643426898867,2050.767250502482
n051,cm-vs-r0,dense,contrast,2048,50.05709562369118,1951,2035.9372084196657,2035.024077406153
n051,cm-vs-r0,dense,floor,2048,0,2048,2036.8042574170977,2036.8042574170977
n051,cm-vs-r0,sparse,contrast,14,0.3670778942267981,12,13.95933073759079,13.9567391872406
n051,cm-vs-r0,sparse,floor,14,0.07635599616953165,14,13.960085272789001,13.962993085384369
n051,cm-vs-r0,all,contrast,2062,50.424173517917986,1963,2049.8965391572565,2048.9808165933937
n051,cm-vs-r0,all,floor,2062,0.07635599616953165,2062,2050.7643426898867,2050.767250502482
n051,cpre-vs-r0,dense,contrast,2048,45.490070818804476,1959,2035.969625947997,2034.8169169407338
n051,cpre-vs-r0,dense,floor,2048,0,2048,2036.8042574170977,2036.8042574170977
n051,cpre-vs-r0,sparse,contrast,14,0.19537831998741295,13,13.959595322608948,13.96251505613327
n051,cpre-vs-r0,sparse,floor,14,0.07635599616953165,14,13.960085272789001,13.962993085384369
n051,cpre-vs-r0,all,contrast,2062,45.68544913879188,1972,2049.929221270606,2048.779431996867
n051,cpre-vs-r0,all,floor,2062,0.07635599616953165,2062,2050.7643426898867,2050.767250502482
n051,crossboot-r0,dense,contrast,2048,0,2048,2036.8042574170977,2036.8042574170977
n051,crossboot-r0,sparse,contrast,14,0.0691120627140642,14,13.95767068862915,13.952229082584381
n051,crossboot-r0,all,contrast,2062,0.0691120627140642,2062,2050.761928105727,2050.756486499682
n051,floor-r0,dense,contrast,2048,0,2048,2036.8042574170977,2036.8042574170977
n051,floor-r0,sparse,contrast,14,0.07635599616953165,14,13.960085272789001,13.962993085384369
n051,floor-r0,all,contrast,2062,0.07635599616953165,2062,2050.7643426898867,2050.767250502482
n051,n-vs-cm,dense,contrast,2048,143.9662845308734,1878,2033.547979128547,2033.8859140793793
n051,n-vs-cm,dense,floor,2048,0,2048,2036.8042574170977,2036.8042574170977
n051,n-vs-cm,sparse,contrast,14,1.2218874842741845,13,13.938096284866333,13.940547108650208
n051,n-vs-cm,sparse,floor,14,0.07635599616953165,14,13.960085272789001,13.962993085384369
n051,n-vs-cm,all,contrast,2062,145.18817201514756,1891,2047.4860754134133,2047.8264611880295
n051,n-vs-cm,all,floor,2062,0.07635599616953165,2062,2050.7643426898867,2050.767250502482
n051,n-vs-r0,dense,contrast,2048,143.2525623864943,1871,2034.3703467324376,2034.0145081062801
n051,n-vs-r0,dense,floor,2048,0,2048,2036.8042574170977,2036.8042574170977
n051,n-vs-r0,sparse,contrast,14,0.9348216144245538,13,13.94353860616684,13.939274072647095
n051,n-vs-r0,sparse,floor,14,0.07635599616953165,14,13.960085272789001,13.962993085384369
n051,n-vs-r0,all,contrast,2062,144.18738400091883,1884,2048.3138853386045,2047.9537821789272
n051,n-vs-r0,all,floor,2062,0.07635599616953165,2062,2050.7643426898867,2050.767250502482
n052,cm-vs-cpre,dense,contrast,2048,32.964791815637774,1954,2031.544583717361,2031.6663532406092
n052,cm-vs-cpre,dense,floor,2048,0,2048,2032.6261164788157,2032.6261164788157
n052,cm-vs-cpre,sparse,contrast,3287,53.13715985552296,3156,3275.181325018406,3275.210899889469
n052,cm-vs-cpre,sparse,floor,3287,44.96529858143281,3159,3274.5803830623627,3274.9806067347527
n052,cm-vs-cpre,all,contrast,5335,86.10195167116048,5110,5306.725908735767,5306.877253130078
n052,cm-vs-cpre,all,floor,5335,44.96529858143281,5207,5307.206499541178,5307.606723213568
n052,cm-vs-r0,dense,contrast,2048,32.44627787437071,1946,2031.3988817539066,2031.6507008876652
n052,cm-vs-r0,dense,floor,2048,0,2048,2032.6261164788157,2032.6261164788157
n052,cm-vs-r0,sparse,contrast,3287,50.77965861001355,3147,3274.680892467499,3275.3400767445564
n052,cm-vs-r0,sparse,floor,3287,44.96529858143281,3159,3274.5803830623627,3274.9806067347527
n052,cm-vs-r0,all,contrast,5335,83.22593648438432,5093,5306.079774221405,5306.990777632222
n052,cm-vs-r0,all,floor,5335,44.96529858143281,5207,5307.206499541178,5307.606723213568
n052,cpre-vs-r0,dense,contrast,2048,32.67014375063011,1959,2031.3691975157708,2031.4789162110537
n052,cpre-vs-r0,dense,floor,2048,0,2048,2032.6261164788157,2032.6261164788157
n052,cpre-vs-r0,sparse,contrast,3287,50.94981180213082,3153,3274.9304813742638,3275.531126976013
n052,cpre-vs-r0,sparse,floor,3287,44.96529858143281,3159,3274.5803830623627,3274.9806067347527
n052,cpre-vs-r0,all,contrast,5335,83.61995555276111,5112,5306.299678890035,5307.010043187067
n052,cpre-vs-r0,all,floor,5335,44.96529858143281,5207,5307.206499541178,5307.606723213568
n052,floor-r0,dense,contrast,2048,0,2048,2032.6261164788157,2032.6261164788157
n052,floor-r0,sparse,contrast,3287,44.96529858143281,3159,3274.5803830623627,3274.9806067347527
n052,floor-r0,all,contrast,5335,44.96529858143281,5207,5307.206499541178,5307.606723213568
n052,n-vs-cm,dense,contrast,2048,135.44717394035843,1884,2029.3220524759963,2027.514968983829
n052,n-vs-cm,dense,floor,2048,0,2048,2032.6261164788157,2032.6261164788157
n052,n-vs-cm,sparse,contrast,3287,187.7348466702483,3037,3272.913461983204,3268.1734943389893
n052,n-vs-cm,sparse,floor,3287,44.96529858143281,3159,3274.5803830623627,3274.9806067347527
n052,n-vs-cm,all,contrast,5335,323.18202061060725,4921,5302.2355144592,5295.688463322818
n052,n-vs-cm,all,floor,5335,44.96529858143281,5207,5307.206499541178,5307.606723213568
n052,n-vs-r0,dense,contrast,2048,133.39486853640796,1881,2029.0138874724507,2027.3029053676873
n052,n-vs-r0,dense,floor,2048,0,2048,2032.6261164788157,2032.6261164788157
n052,n-vs-r0,sparse,contrast,3287,181.41198011889605,3058,3272.4098858833313,3268.2624526023865
n052,n-vs-r0,sparse,floor,3287,44.96529858143281,3159,3274.5803830623627,3274.9806067347527
n052,n-vs-r0,all,contrast,5335,314.80684865530463,4939,5301.423773355782,5295.565357970074
n052,n-vs-r0,all,floor,5335,44.96529858143281,5207,5307.206499541178,5307.606723213568
n053,cm-vs-cpre,dense,contrast,1762,46.50255714100077,1668,1749.504673173651,1749.2912562210113
n053,cm-vs-cpre,dense,floor,1762,0,1762,1750.1700311545283,1750.1700311545283
n053,cm-vs-cpre,sparse,contrast,0,0,0,0,0
n053,cm-vs-cpre,sparse,floor,0,0,0,0,0
n053,cm-vs-cpre,all,contrast,1762,46.50255714100077,1668,1749.504673173651,1749.2912562210113
n053,cm-vs-cpre,all,floor,1762,0,1762,1750.1700311545283,1750.1700311545283
n053,cm-vs-r0,dense,contrast,1762,49.051035023776066,1670,1749.3728011678904,1749.2744551543146
n053,cm-vs-r0,dense,floor,1762,0,1762,1750.1700311545283,1750.1700311545283
n053,cm-vs-r0,sparse,contrast,0,0,0,0,0
n053,cm-vs-r0,sparse,floor,0,0,0,0,0
n053,cm-vs-r0,all,contrast,1762,49.051035023776066,1670,1749.3728011678904,1749.2744551543146
n053,cm-vs-r0,all,floor,1762,0,1762,1750.1700311545283,1750.1700311545283
n053,cpre-vs-r0,dense,contrast,1762,47.53882121227092,1669,1749.3887512683868,1749.4930584058166
n053,cpre-vs-r0,dense,floor,1762,0,1762,1750.1700311545283,1750.1700311545283
n053,cpre-vs-r0,sparse,contrast,0,0,0,0,0
n053,cpre-vs-r0,sparse,floor,0,0,0,0,0
n053,cpre-vs-r0,all,contrast,1762,47.53882121227092,1669,1749.3887512683868,1749.4930584058166
n053,cpre-vs-r0,all,floor,1762,0,1762,1750.1700311545283,1750.1700311545283
n053,crossboot-r0,dense,contrast,1762,0,1762,1750.1700311545283,1750.1700311545283
n053,crossboot-r0,sparse,contrast,0,0,0,0,0
n053,crossboot-r0,all,contrast,1762,0,1762,1750.1700311545283,1750.1700311545283
n053,floor-r0,dense,contrast,1762,0,1762,1750.1700311545283,1750.1700311545283
n053,floor-r0,sparse,contrast,0,0,0,0,0
n053,floor-r0,all,contrast,1762,0,1762,1750.1700311545283,1750.1700311545283
n053,n-vs-cm,dense,contrast,1762,170.42481482712094,1584,1747.7180819730274,1747.1944794463925
n053,n-vs-cm,dense,floor,1762,0,1762,1750.1700311545283,1750.1700311545283
n053,n-vs-cm,sparse,contrast,0,0,0,0,0
n053,n-vs-cm,sparse,floor,0,0,0,0,0
n053,n-vs-cm,all,contrast,1762,170.42481482712094,1584,1747.7180819730274,1747.1944794463925
n053,n-vs-cm,all,floor,1762,0,1762,1750.1700311545283,1750.1700311545283
n053,n-vs-r0,dense,contrast,1762,166.79559635990387,1582,1747.958457030356,1747.3509252308868
n053,n-vs-r0,dense,floor,1762,0,1762,1750.1700311545283,1750.1700311545283
n053,n-vs-r0,sparse,contrast,0,0,0,0,0
n053,n-vs-r0,sparse,floor,0,0,0,0,0
n053,n-vs-r0,all,contrast,1762,166.79559635990387,1582,1747.958457030356,1747.3509252308868
n053,n-vs-r0,all,floor,1762,0,1762,1750.1700311545283,1750.1700311545283
n054,cm-vs-cpre,dense,contrast,2048,30.985601531950742,1987,2039.1049451921135,2039.2462595552206
n054,cm-vs-cpre,dense,floor,2048,0,2048,2039.9501654747874,2039.9501654747874
n054,cm-vs-cpre,sparse,contrast,1426,38.77234665755324,1356,1422.9490384459496,1422.7815176844597
n054,cm-vs-cpre,sparse,floor,1426,33.64486872607214,1362,1422.8914203643799,1422.9273160099983
n054,cm-vs-cpre,all,contrast,3474,69.75794818950386,3343,3462.053983638063,3462.0277772396803
n054,cm-vs-cpre,all,floor,3474,33.64486872607214,3410,3462.8415858391672,3462.8774814847857
n054,cm-vs-r0,dense,contrast,2048,30.387694319827297,1987,2039.3627695646137,2039.3081920649856
n054,cm-vs-r0,dense,floor,2048,0,2048,2039.9501654747874,2039.9501654747874
n054,cm-vs-r0,sparse,contrast,1426,36.1713562541666,1356,1422.8311002254486,1422.824375629425
n054,cm-vs-r0,sparse,floor,1426,33.64486872607214,1362,1422.8914203643799,1422.9273160099983
n054,cm-vs-r0,all,contrast,3474,66.55905057399397,3343,3462.1938697900623,3462.1325676944107
n054,cm-vs-r0,all,floor,3474,33.64486872607214,3410,3462.8415858391672,3462.8774814847857
n054,cpre-vs-r0,dense,contrast,2048,27.177719123642312,1992,2039.367352483794,2039.1835289727896
n054,cpre-vs-r0,dense,floor,2048,0,2048,2039.9501654747874,2039.9501654747874
n054,cpre-vs-r0,sparse,contrast,1426,37.38741626084183,1356,1422.7557382583618,1423.0108615756035
n054,cpre-vs-r0,sparse,floor,1426,33.64486872607214,1362,1422.8914203643799,1422.9273160099983
n054,cpre-vs-r0,all,contrast,3474,64.56513538448405,3348,3462.123090742156,3462.194390548393
n054,cpre-vs-r0,all,floor,3474,33.64486872607214,3410,3462.8415858391672,3462.8774814847857
n054,floor-r0,dense,contrast,2048,0,2048,2039.9501654747874,2039.9501654747874
n054,floor-r0,sparse,contrast,1426,33.64486872607214,1362,1422.8914203643799,1422.9273160099983
n054,floor-r0,all,contrast,3474,33.64486872607214,3410,3462.8415858391672,3462.8774814847857
n054,n-vs-cm,dense,contrast,2048,110.21545300700973,1947,2038.2519771670923,2037.7117233625613
n054,n-vs-cm,dense,floor,2048,0,2048,2039.9501654747874,2039.9501654747874
n054,n-vs-cm,sparse,contrast,1426,114.42824298625972,1305,1421.9334419369698,1419.9817589521408
n054,n-vs-cm,sparse,floor,1426,33.64486872607214,1362,1422.8914203643799,1422.9273160099983
n054,n-vs-cm,all,contrast,3474,224.64369599326938,3252,3460.185419104062,3457.693482314702
n054,n-vs-cm,all,floor,3474,33.64486872607214,3410,3462.8415858391672,3462.8774814847857
n054,n-vs-r0,dense,contrast,2048,104.45642022912669,1940,2038.435021435842,2037.9637933173217
n054,n-vs-r0,dense,floor,2048,0,2048,2039.9501654747874,2039.9501654747874
n054,n-vs-r0,sparse,contrast,1426,113.54612539281493,1313,1421.9321180582047,1420.261729001999
n054,n-vs-r0,sparse,floor,1426,33.64486872607214,1362,1422.8914203643799,1422.9273160099983
n054,n-vs-r0,all,contrast,3474,218.002545621942,3253,3460.3671394940466,3458.2255223193206
n054,n-vs-r0,all,floor,3474,33.64486872607214,3410,3462.8415858391672,3462.8774814847857
n055,cm-vs-cpre,dense,contrast,1592,32.091685464043735,1511,1580.137092223391,1580.2174473721534
n055,cm-vs-cpre,dense,floor,1592,0,1592,1581.4810266438872,1581.4810266438872
n055,cm-vs-cpre,sparse,contrast,0,0,0,0,0
n055,cm-vs-cpre,sparse,floor,0,0,0,0,0
n055,cm-vs-cpre,all,contrast,1592,32.091685464043735,1511,1580.137092223391,1580.2174473721534
n055,cm-vs-cpre,all,floor,1592,0,1592,1581.4810266438872,1581.4810266438872
n055,cm-vs-r0,dense,contrast,1592,29.74347056324202,1515,1580.60303173773,1580.3187015149742
n055,cm-vs-r0,dense,floor,1592,0,1592,1581.4810266438872,1581.4810266438872
n055,cm-vs-r0,sparse,contrast,0,0,0,0,0
n055,cm-vs-r0,sparse,floor,0,0,0,0,0
n055,cm-vs-r0,all,contrast,1592,29.74347056324202,1515,1580.60303173773,1580.3187015149742
n055,cm-vs-r0,all,floor,1592,0,1592,1581.4810266438872,1581.4810266438872
n055,cpre-vs-r0,dense,contrast,1592,32.24331984883787,1515,1580.7017111182213,1580.2828428968787
n055,cpre-vs-r0,dense,floor,1592,0,1592,1581.4810266438872,1581.4810266438872
n055,cpre-vs-r0,sparse,contrast,0,0,0,0,0
n055,cpre-vs-r0,sparse,floor,0,0,0,0,0
n055,cpre-vs-r0,all,contrast,1592,32.24331984883787,1515,1580.7017111182213,1580.2828428968787
n055,cpre-vs-r0,all,floor,1592,0,1592,1581.4810266438872,1581.4810266438872
n055,floor-r0,dense,contrast,1592,0,1592,1581.4810266438872,1581.4810266438872
n055,floor-r0,sparse,contrast,0,0,0,0,0
n055,floor-r0,all,contrast,1592,0,1592,1581.4810266438872,1581.4810266438872
n055,n-vs-cm,dense,contrast,1592,124.42596701241591,1446,1578.5880915592425,1578.8622445859946
n055,n-vs-cm,dense,floor,1592,0,1592,1581.4810266438872,1581.4810266438872
n055,n-vs-cm,sparse,contrast,0,0,0,0,0
n055,n-vs-cm,sparse,floor,0,0,0,0,0
n055,n-vs-cm,all,contrast,1592,124.42596701241591,1446,1578.5880915592425,1578.8622445859946
n055,n-vs-cm,all,floor,1592,0,1592,1581.4810266438872,1581.4810266438872
n055,n-vs-r0,dense,contrast,1592,125.18753317690958,1435,1579.2600169554353,1579.036838494707
n055,n-vs-r0,dense,floor,1592,0,1592,1581.4810266438872,1581.4810266438872
n055,n-vs-r0,sparse,contrast,0,0,0,0,0
n055,n-vs-r0,sparse,floor,0,0,0,0,0
n055,n-vs-r0,all,contrast,1592,125.18753317690958,1435,1579.2600169554353,1579.036838494707
n055,n-vs-r0,all,floor,1592,0,1592,1581.4810266438872,1581.4810266438872
n056,cm-vs-cpre,dense,contrast,2048,63.36116311537036,1923,2019.6158072445542,2019.2646943181753
n056,cm-vs-cpre,dense,floor,2048,0,2048,2021.416262710467,2021.416262710467
n056,cm-vs-cpre,sparse,contrast,2323,54.06681172190549,2203,2302.455832540989,2302.434313774109
n056,cm-vs-cpre,sparse,floor,2323,47.64996965451653,2242,2302.698268711567,2302.8904781341553
n056,cm-vs-cpre,all,contrast,4371,117.4279748372761,4126,4322.071639785543,4321.699008092284
n056,cm-vs-cpre,all,floor,4371,47.64996965451653,4290,4324.114531422034,4324.306740844622
n056,cm-vs-r0,dense,contrast,2048,59.126655458691054,1931,2018.7848331537098,2019.2811676170677
n056,cm-vs-r0,dense,floor,2048,0,2048,2021.416262710467,2021.416262710467
n056,cm-vs-r0,sparse,contrast,2323,56.354980642929114,2213,2302.563666164875,2302.386166036129
n056,cm-vs-r0,sparse,floor,2323,47.64996965451653,2242,2302.698268711567,2302.8904781341553
n056,cm-vs-r0,all,contrast,4371,115.48163610161984,4144,4321.348499318585,4321.667333653197
n056,cm-vs-r0,all,floor,4371,47.64996965451653,4290,4324.114531422034,4324.306740844622
n056,cpre-vs-r0,dense,contrast,2048,62.24786828050844,1911,2018.6945050340146,2019.7990276347846
n056,cpre-vs-r0,dense,floor,2048,0,2048,2021.416262710467,2021.416262710467
n056,cpre-vs-r0,sparse,contrast,2323,57.983281522309966,2224,2302.6611531972885,2302.8452570438385
n056,cpre-vs-r0,sparse,floor,2323,47.64996965451653,2242,2302.698268711567,2302.8904781341553
n056,cpre-vs-r0,all,contrast,4371,120.23114980281817,4135,4321.355658231303,4322.644284678623
n056,cpre-vs-r0,all,floor,4371,47.64996965451653,4290,4324.114531422034,4324.306740844622
n056,floor-r0,dense,contrast,2048,0,2048,2021.416262710467,2021.416262710467
n056,floor-r0,sparse,contrast,2323,47.64996965451653,2242,2302.698268711567,2302.8904781341553
n056,floor-r0,all,contrast,4371,47.64996965451653,4290,4324.114531422034,4324.306740844622
n056,n-vs-cm,dense,contrast,2048,258.4065098386359,1791,2013.4338815482333,2010.1582543025725
n056,n-vs-cm,dense,floor,2048,0,2048,2021.416262710467,2021.416262710467
n056,n-vs-cm,sparse,contrast,2323,223.0931293609487,2089,2298.5737341046333,2293.7054213881493
n056,n-vs-cm,sparse,floor,2323,47.64996965451653,2242,2302.698268711567,2302.8904781341553
n056,n-vs-cm,all,contrast,4371,481.4996391995839,3880,4312.007615652867,4303.863675690722
n056,n-vs-cm,all,floor,4371,47.64996965451653,4290,4324.114531422034,4324.306740844622
n056,n-vs-r0,dense,contrast,2048,240.5554920667931,1781,2012.8201995491982,2011.103986068163
n056,n-vs-r0,dense,floor,2048,0,2048,2021.416262710467,2021.416262710467
n056,n-vs-r0,sparse,contrast,2323,229.6439289053395,2076,2298.2798439264297,2293.7317214012146
n056,n-vs-r0,sparse,floor,2323,47.64996965451653,2242,2302.698268711567,2302.8904781341553
n056,n-vs-r0,all,contrast,4371,470.19942097213374,3857,4311.100043475628,4304.835707469378
n056,n-vs-r0,all,floor,4371,47.64996965451653,4290,4324.114531422034,4324.306740844622
n057,cm-vs-cpre,dense,contrast,2048,43.42185833454302,1973,2036.3862049076706,2036.8168371766806
n057,cm-vs-cpre,dense,floor,2048,0,2048,2038.1547206882387,2038.1547206882387
n057,cm-vs-cpre,sparse,contrast,188,3.3424155899686547,179,187.72617053985596,187.75322431325912
n057,cm-vs-cpre,sparse,floor,188,2.251954625004453,181,187.7460753917694,187.76559853553772
n057,cm-vs-cpre,all,contrast,2236,46.76427392451168,2152,2224.1123754475266,2224.5700614899397
n057,cm-vs-cpre,all,floor,2236,2.251954625004453,2229,2225.900796080008,2225.9203192237765
n057,cm-vs-r0,dense,contrast,2048,47.13913654236452,1961,2037.269009700045,2036.9003425147384
n057,cm-vs-r0,dense,floor,2048,0,2048,2038.1547206882387,2038.1547206882387
n057,cm-vs-r0,sparse,contrast,188,2.467412883509113,180,187.75529366731644,187.74778789281845
n057,cm-vs-r0,sparse,floor,188,2.251954625004453,181,187.7460753917694,187.76559853553772
n057,cm-vs-r0,all,contrast,2236,49.60654942587364,2141,2225.0243033673614,2224.648130407557
n057,cm-vs-r0,all,floor,2236,2.251954625004453,2229,2225.900796080008,2225.9203192237765
n057,cpre-vs-r0,dense,contrast,2048,49.43081716886844,1961,2037.1595705132931,2036.3214230369776
n057,cpre-vs-r0,dense,floor,2048,0,2048,2038.1547206882387,2038.1547206882387
n057,cpre-vs-r0,sparse,contrast,188,2.578878798286258,181,187.7495414018631,187.71712720394135
n057,cpre-vs-r0,sparse,floor,188,2.251954625004453,181,187.7460753917694,187.76559853553772
n057,cpre-vs-r0,all,contrast,2236,52.0096959671547,2142,2224.9091119151562,2224.038550240919
n057,cpre-vs-r0,all,floor,2236,2.251954625004453,2229,2225.900796080008,2225.9203192237765
n057,floor-r0,dense,contrast,2048,0,2048,2038.1547206882387,2038.1547206882387
n057,floor-r0,sparse,contrast,188,2.251954625004453,181,187.7460753917694,187.76559853553772
n057,floor-r0,all,contrast,2236,2.251954625004453,2229,2225.900796080008,2225.9203192237765
n057,n-vs-cm,dense,contrast,2048,156.60163070793521,1896,2034.8429349632934,2034.702031725552
n057,n-vs-cm,dense,floor,2048,0,2048,2038.1547206882387,2038.1547206882387
n057,n-vs-cm,sparse,contrast,188,11.204046044658442,178,187.70846104621887,187.4132124185562
n057,n-vs-cm,sparse,floor,188,2.251954625004453,181,187.7460753917694,187.76559853553772
n057,n-vs-cm,all,contrast,2236,167.80567675259368,2074,2222.5513960095122,2222.115244144108
n057,n-vs-cm,all,floor,2236,2.251954625004453,2229,2225.900796080008,2225.9203192237765
n057,n-vs-r0,dense,contrast,2048,173.75962721762517,1884,2035.2577241435647,2034.6772474688478
n057,n-vs-r0,dense,floor,2048,0,2048,2038.1547206882387,2038.1547206882387
n057,n-vs-r0,sparse,contrast,188,11.2365772940887,179,187.71452766656876,187.3830029964447
n057,n-vs-r0,sparse,floor,188,2.251954625004453,181,187.7460753917694,187.76559853553772
n057,n-vs-r0,all,contrast,2236,184.99620451171387,2063,2222.9722518101335,2222.0602504652925
n057,n-vs-r0,all,floor,2236,2.251954625004453,2229,2225.900796080008,2225.9203192237765
n058,cm-vs-cpre,dense,contrast,2048,33.46496179229998,1953,2028.2031167838722,2028.4846126288176
n058,cm-vs-cpre,dense,floor,2048,0,2048,2029.7726056221873,2029.7726056221873
n058,cm-vs-cpre,sparse,contrast,4593,49.324580387942696,4452,4572.592170834541,4573.008219361305
n058,cm-vs-cpre,sparse,floor,4593,46.04237155507577,4458,4572.6764877438545,4572.673124074936
n058,cm-vs-cpre,all,contrast,6641,82.78954218024236,6405,6600.795287618414,6601.492831990123
n058,cm-vs-cpre,all,floor,6641,46.04237155507577,6506,6602.449093366042,6602.445729697123
n058,cm-vs-r0,dense,contrast,2048,36.60241780423048,1970,2028.7146153058857,2028.5113134291023
n058,cm-vs-r0,dense,floor,2048,0,2048,2029.7726056221873,2029.7726056221873
n058,cm-vs-r0,sparse,contrast,4593,49.536614680600906,4437,4572.584119021893,4573.009924769402
n058,cm-vs-r0,sparse,floor,4593,46.04237155507577,4458,4572.6764877438545,4572.673124074936
n058,cm-vs-r0,all,contrast,6641,86.13903248483105,6407,6601.298734327778,6601.521238198504
n058,cm-vs-r0,all,floor,6641,46.04237155507577,6506,6602.449093366042,6602.445729697123
n058,cpre-vs-r0,dense,contrast,2048,35.19349624497863,1969,2028.587620375678,2028.0561491977423
n058,cpre-vs-r0,dense,floor,2048,0,2048,2029.7726056221873,2029.7726056221873
n058,cpre-vs-r0,sparse,contrast,4593,45.26758642486225,4461,4572.5985035300255,4572.598897993565
n058,cpre-vs-r0,sparse,floor,4593,46.04237155507577,4458,4572.6764877438545,4572.673124074936
n058,cpre-vs-r0,all,contrast,6641,80.46108266984128,6430,6601.186123905703,6600.655047191307
n058,cpre-vs-r0,all,floor,6641,46.04237155507577,6506,6602.449093366042,6602.445729697123
n058,floor-r0,dense,contrast,2048,0,2048,2029.7726056221873,2029.7726056221873
n058,floor-r0,sparse,contrast,4593,46.04237155507577,4458,4572.6764877438545,4572.673124074936
n058,floor-r0,all,contrast,6641,46.04237155507577,6506,6602.449093366042,6602.445729697123
n058,n-vs-cm,dense,contrast,2048,197.6066042309994,1864,2024.7019376279786,2024.8730673203245
n058,n-vs-cm,dense,floor,2048,0,2048,2029.7726056221873,2029.7726056221873
n058,n-vs-cm,sparse,contrast,4593,275.1558746925806,4287,4569.820864617825,4568.180745780468
n058,n-vs-cm,sparse,floor,4593,46.04237155507577,4458,4572.6764877438545,4572.673124074936
n058,n-vs-cm,all,contrast,6641,472.7624789235796,6151,6594.522802245803,6593.0538131007925
n058,n-vs-cm,all,floor,6641,46.04237155507577,6506,6602.449093366042,6602.445729697123
n058,n-vs-r0,dense,contrast,2048,194.07803032657262,1869,2025.1283082142472,2024.9528594966978
n058,n-vs-r0,dense,floor,2048,0,2048,2029.7726056221873,2029.7726056221873
n058,n-vs-r0,sparse,contrast,4593,280.2797022533385,4273,4569.4010499715805,4568.342570304871
n058,n-vs-r0,sparse,floor,4593,46.04237155507577,4458,4572.6764877438545,4572.673124074936
n058,n-vs-r0,all,contrast,6641,474.35773257991383,6142,6594.529358185828,6593.295429801568
n058,n-vs-r0,all,floor,6641,46.04237155507577,6506,6602.449093366042,6602.445729697123
n059,cm-vs-cpre,dense,contrast,2048,35.014143434383165,1977,2037.243724713102,2037.3558457642794
n059,cm-vs-cpre,dense,floor,2048,0,2048,2038.0767706576735,2038.0767706576735
n059,cm-vs-cpre,sparse,contrast,167,2.5263920437317537,164,166.38984340429306,166.4617525935173
n059,cm-vs-cpre,sparse,floor,167,1.677952244811114,163,166.40533655881882,166.35520684719086
n059,cm-vs-cpre,all,contrast,2215,37.540535478114954,2141,2203.633568117395,2203.8175983577967
n059,cm-vs-cpre,all,floor,2215,1.677952244811114,2211,2204.4821072164923,2204.4319775048643
n059,cm-vs-r0,dense,contrast,2048,38.33092821295601,1973,2037.5269121136516,2037.3304358627647
n059,cm-vs-r0,dense,floor,2048,0,2048,2038.0767706576735,2038.0767706576735
n059,cm-vs-r0,sparse,contrast,167,2.8397494853532623,165,166.39952385425568,166.45412665605545
n059,cm-vs-r0,sparse,floor,167,1.677952244811114,163,166.40533655881882,166.35520684719086
n059,cm-vs-r0,all,contrast,2215,41.17067769830926,2138,2203.9264359679073,2203.78456251882
n059,cm-vs-r0,all,floor,2215,1.677952244811114,2211,2204.4821072164923,2204.4319775048643
n059,cpre-vs-r0,dense,contrast,2048,37.88441788075663,1986,2037.5933152418584,2037.267421407625
n059,cpre-vs-r0,dense,floor,2048,0,2048,2038.0767706576735,2038.0767706576735
n059,cpre-vs-r0,sparse,contrast,167,1.9460661856277612,164,166.41423255205154,166.3977274298668
n059,cpre-vs-r0,sparse,floor,167,1.677952244811114,163,166.40533655881882,166.35520684719086
n059,cpre-vs-r0,all,contrast,2215,39.830484066384365,2150,2204.00754779391,2203.665148837492
n059,cpre-vs-r0,all,floor,2215,1.677952244811114,2211,2204.4821072164923,2204.4319775048643
n059,floor-r0,dense,contrast,2048,0,2048,2038.0767706576735,2038.0767706576735
n059,floor-r0,sparse,contrast,167,1.677952244811114,163,166.40533655881882,166.35520684719086
n059,floor-r0,all,contrast,2215,1.677952244811114,2211,2204.4821072164923,2204.4319775048643
n059,n-vs-cm,dense,contrast,2048,159.3490375970067,1886,2036.0274861427024,2036.5192906023003
n059,n-vs-cm,dense,floor,2048,0,2048,2038.0767706576735,2038.0767706576735
n059,n-vs-cm,sparse,contrast,167,7.7945537829090314,152,166.4160516858101,166.22974652051926
n059,n-vs-cm,sparse,floor,167,1.677952244811114,163,166.40533655881882,166.35520684719086
n059,n-vs-cm,all,contrast,2215,167.14359137991573,2038,2202.4435378285125,2202.7490371228196
n059,n-vs-cm,all,floor,2215,1.677952244811114,2211,2204.4821072164923,2204.4319775048643
n059,n-vs-r0,dense,contrast,2048,151.1463355206023,1898,2036.0287499204278,2036.8886348991655
n059,n-vs-r0,dense,floor,2048,0,2048,2038.0767706576735,2038.0767706576735
n059,n-vs-r0,sparse,contrast,167,9.61440870131928,151,166.32520043849945,166.21628189086914
n059,n-vs-r0,sparse,floor,167,1.677952244811114,163,166.40533655881882,166.35520684719086
n059,n-vs-r0,all,contrast,2215,160.76074422192153,2049,2202.3539503589272,2203.1049167900346
n059,n-vs-r0,all,floor,2215,1.677952244811114,2211,2204.4821072164923,2204.4319775048643
n060,cm-vs-cpre,dense,contrast,2048,45.98381959871426,1985,2034.9309936556965,2034.6947088390589
n060,cm-vs-cpre,dense,floor,2048,0,2048,2036.2188774887472,2036.2188774887472
n060,cm-vs-cpre,sparse,contrast,1123,32.9766612069152,1056,1118.9638316631317,1118.6503664851189
n060,cm-vs-cpre,sparse,floor,1123,26.73712634053284,1077,1119.1243231892586,1119.0645728707314
n060,cm-vs-cpre,all,contrast,3171,78.96048080562942,3041,3153.894825318828,3153.3450753241777
n060,cm-vs-cpre,all,floor,3171,26.73712634053284,3125,3155.343200678006,3155.2834503594786
n060,cm-vs-r0,dense,contrast,2048,39.37250884851683,1962,2035.0005627777427,2034.6431242730469
n060,cm-vs-r0,dense,floor,2048,0,2048,2036.2188774887472,2036.2188774887472
n060,cm-vs-r0,sparse,contrast,1123,30.507372354810744,1080,1118.9213128089905,1118.6177716851234
n060,cm-vs-r0,sparse,floor,1123,26.73712634053284,1077,1119.1243231892586,1119.0645728707314
n060,cm-vs-r0,all,contrast,3171,69.87988120332759,3042,3153.921875586733,3153.2608959581703
n060,cm-vs-r0,all,floor,3171,26.73712634053284,3125,3155.343200678006,3155.2834503594786
n060,cpre-vs-r0,dense,contrast,2048,45.63198179036081,1966,2034.6901288609952,2034.8868780564517
n060,cpre-vs-r0,dense,floor,2048,0,2048,2036.2188774887472,2036.2188774887472
n060,cpre-vs-r0,sparse,contrast,1123,35.52054405623089,1063,1119.076009631157,1119.0640674233437
n060,cpre-vs-r0,sparse,floor,1123,26.73712634053284,1077,1119.1243231892586,1119.0645728707314
n060,cpre-vs-r0,all,contrast,3171,81.1525258465917,3029,3153.766138492152,3153.9509454797953
n060,cpre-vs-r0,all,floor,3171,26.73712634053284,3125,3155.343200678006,3155.2834503594786
n060,floor-r0,dense,contrast,2048,0,2048,2036.2188774887472,2036.2188774887472
n060,floor-r0,sparse,contrast,1123,26.73712634053284,1077,1119.1243231892586,1119.0645728707314
n060,floor-r0,all,contrast,3171,26.73712634053284,3125,3155.343200678006,3155.2834503594786
n060,n-vs-cm,dense,contrast,2048,142.30576149768223,1908,2032.5645232414827,2031.5868896897882
n060,n-vs-cm,dense,floor,2048,0,2048,2036.2188774887472,2036.2188774887472
n060,n-vs-cm,sparse,contrast,1123,106.46262788763593,1022,1117.1606761217117,1116.025458753109
n060,n-vs-cm,sparse,floor,1123,26.73712634053284,1077,1119.1243231892586,1119.0645728707314
n060,n-vs-cm,all,contrast,3171,248.76838938531824,2930,3149.7251993631944,3147.612348442897
n060,n-vs-cm,all,floor,3171,26.73712634053284,3125,3155.343200678006,3155.2834503594786
n060,n-vs-r0,dense,contrast,2048,135.25046237863515,1910,2032.8029262479395,2032.0614568991587
n060,n-vs-r0,dense,floor,2048,0,2048,2036.2188774887472,2036.2188774887472
n060,n-vs-r0,sparse,contrast,1123,96.02413160363658,1034,1118.140249967575,1116.260224878788
n060,n-vs-r0,sparse,floor,1123,26.73712634053284,1077,1119.1243231892586,1119.0645728707314
n060,n-vs-r0,all,contrast,3171,231.2745939822717,2944,3150.9431762155145,3148.3216817779467
n060,n-vs-r0,all,floor,3171,26.73712634053284,3125,3155.343200678006,3155.2834503594786
